ผู้สมัครรับเลือกตั้งสมาชิกวุฒิสภา,Unnamed: 1,Unnamed: 2,Unnamed: 3,Unnamed: 4,Unnamed: 5,Unnamed: 6
วันที่ 30 มีนาคม 2557,,,,,,
,,,,,,
จังหวัด,ชื่อผู้สมัคร,หมายเลข,เพศ,ช่วงอายุ,วุฒิการศึกษา,อาชีพ
กรุงเทพมหานคร,คุณหญิงจารุวรรณ เมณฑกา,8,หญิง,61 - 70 ปี,ปริญญาเอก,ข้าราชการบำนาญ
กรุงเทพมหานคร,นางตรีรัตน์ เซ่งไพเราะ,7,หญิง,51 - 60 ปี,ปริญญาโท,อาชีพอื่นๆ
กรุงเทพมหานคร,นางพรทิพย์ ลยานันท์,13,หญิง,51 - 60 ปี,ปริญญาเอก,ข้าราชการบำนาญ
กรุงเทพมหานคร,นางลีนา จังจรรจา,3,หญิง,51 - 60 ปี,ปริญญาตรี,ทนาย/นักกฎหมาย
กรุงเทพมหานคร,นางสาวปิยะสุดา แพ่งสภา,6,หญิง,40 - 50 ปี,ปริญญาเอก,ครู/อาจารย์/นักวิชาการ
กรุงเทพมหานคร,นายกรสัณห์ กันยะพงศ์,12,ชาย,51 - 60 ปี,ปริญญาโท,ที่ปรึกษา
กรุงเทพมหานคร,นายโฆสิต สุวินิจจิต,9,ชาย,51 - 60 ปี,ปริญญาโท,ธุรกิจส่วนตัว/ค้าขาย
กรุงเทพมหานคร,นายชาญชัย โกศลธนากุล,16,ชาย,61 - 70 ปี,ปริญญาโท,ข้าราชการบำนาญ
กรุงเทพมหานคร,นายประทีป พุทธรักษ์ภักดี,17,ชาย,40 - 50 ปี,ปริญญาโท,อาชีพอื่นๆ
กรุงเทพมหานคร,นายปิยชาติ วีรเดชะ,10,ชาย,61 - 70 ปี,ปริญญาโท,ทนาย/นักกฎหมาย
กรุงเทพมหานคร,นายพรชัย รัศมีแพทย์,15,ชาย,61 - 70 ปี,ปริญญาโท,อาชีพอื่นๆ
กรุงเทพมหานคร,นายมงคล กิมสูนจันทร์,14,ชาย,61 - 70 ปี,ปริญญาตรี,ธุรกิจส่วนตัว/ค้าขาย
กรุงเทพมหานคร,นายมงคล ประสาทเสรี,11,ชาย,61 - 70 ปี,ปริญญาโท,ที่ปรึกษา
กรุงเทพมหานคร,นายวิทยา จังกอบพัฒนา,18,ชาย,61 - 70 ปี,ปริญญาตรี,อาชีพอื่นๆ
กรุงเทพมหานคร,นายศรีสุวรรณ จรรยา,2,ชาย,40 - 50 ปี,ปริญญาโท,อาชีพอื่นๆ
กรุงเทพมหานคร,นายอรุณ คนหลัก,5,ชาย,51 - 60 ปี,ปริญญาตรี,ข้าราชการประจำ
กรุงเทพมหานคร,พลตำรวจตรี สุพิศาล ภักดีนฤนาถ,1,ชาย,51 - 60 ปี,ปริญญาเอก,ข้าราชการประจำ
กรุงเทพมหานคร,ว่าที่พันตรี อาชว์ โครงกาพย์,4,ชาย,40 - 50 ปี,ปริญญาตรี,ครู/อาจารย์/นักวิชาการ
กระบี่,นายชำนาญวิทย์ บางทอง,6,ชาย,51 - 60 ปี,ปริญญาโท,ครู/อาจารย์/นักวิชาการ
กระบี่,นายวิรัช สีหมุ่น,7,ชาย,40 - 50 ปี,ปริญญาตรี,ธุรกิจส่วนตัว/ค้าขาย
กระบี่,นายสมเกียรติ กิจธรรมเชษฐ์,2,ชาย,51 - 60 ปี,ปริญญาตรี,แพทย์
กระบี่,นายแสงชัย วสุนธรา,5,ชาย,51 - 60 ปี,ปริญญาโท,ธุรกิจส่วนตัว/ค้าขาย
กระบี่,นายอดิเรก เอ่งฉ้วน,4,ชาย,51 - 60 ปี,ปริญญาตรี,ทนาย/นักกฎหมาย
กระบี่,นายอภิชาติ ดำดี,1,ชาย,51 - 60 ปี,ปริญญาเอก,ครู/อาจารย์/นักวิชาการ
กระบี่,ว่าที่ ร้อยตรีศรีศักดิ์ คำฝอย,3,ชาย,40 - 50 ปี,ปริญญาตรี,อาชีพอื่นๆ
กาญจนบุรี,นางมนรัตน์ สารภาพ,3,หญิง,51 - 60 ปี,ปริญญาโท,อาชีพอื่นๆ
กาญจนบุรี,นายมานพ อินทะบุตร,5,ชาย,40 - 50 ปี,ปริญญาตรี,อาชีพอื่นๆ
กาญจนบุรี,นายวิมล พนมศักดิ์,6,ชาย,61 - 70 ปี,ปริญญาตรี,อาชีพอื่นๆ
กาญจนบุรี,นายศรชัย พวงลำเจียก,4,ชาย,40 - 50 ปี,ปริญญาตรี,อาชีพอื่นๆ
กาญจนบุรี,นายเสนาะ ศิลาแรง,2,ชาย,71 - 80 ปี,ปริญญาโท,ข้าราชการบำนาญ
กาญจนบุรี,พลเอกองอาจ พงษ์ศักดิ์,1,ชาย,61 - 70 ปี,ปริญญาโท,ข้าราชการบำนาญ
กาฬสินธุ์,นายทิวา แจ้งสุข,5,ชาย,40 - 50 ปี,ปริญญาโท,อาชีพอื่นๆ
กาฬสินธุ์,นายประยงค์ โมคภา,2,ชาย,61 - 70 ปี,ปริญญาโท,อาชีพอื่นๆ
กาฬสินธุ์,นายแพน พรไตรศักดิ์,4,ชาย,51 - 60 ปี,ปริญญาโท,ข้าราชการประจำ
กาฬสินธุ์,นายวิรัช พิมพะนิตย์,1,ชาย,51 - 60 ปี,ปริญญาตรี,ธุรกิจส่วนตัว/ค้าขาย
กาฬสินธุ์,นายวิวรรธนไชย ณ กาฬสินธุ์,3,ชาย,61 - 70 ปี,ปริญญาตรี,ธุรกิจส่วนตัว/ค้าขาย
กำแพงเพชร,นายจุลพันธ์ ทับทิม,1,ชาย,51 - 60 ปี,ปริญญาโท,นักการเมือง
กำแพงเพชร,นายธนทัต ประเสริฐนู,3,ชาย,40 - 50 ปี,ปริญญาโท,อาชีพอื่นๆ
กำแพงเพชร,นายพเยาว์ เมฆพินธุ์,5,ชาย,51 - 60 ปี,ปริญญาโท,ธุรกิจส่วนตัว/ค้าขาย
กำแพงเพชร,นายออมสิน สุขภิการนนท์,4,ชาย,61 - 70 ปี,ปริญญาตรี,ข้าราชการบำนาญ
กำแพงเพชร,นายอุดม วราหะ,2,ชาย,61 - 70 ปี,ปริญญาตรี,อาชีพอื่นๆ
ขอนแก่น,นายโกเมศ ทีฆธนานนท์,2,ชาย,51 - 60 ปี,ปริญญาตรี,ธุรกิจส่วนตัว/ค้าขาย
ขอนแก่น,นายฐิตินันท์ แสงนาค,3,ชาย,51 - 60 ปี,ปริญญาโท,ธุรกิจส่วนตัว/ค้าขาย
ขอนแก่น,นายประเสริฐ สัจจาวิริยะ,7,ชาย,51 - 60 ปี,ปริญญาเอก,รับจ้าง/อาชีพอิสระ
ขอนแก่น,นายวัน สุวรรณพงษ์,1,ชาย,71 - 80 ปี,ปริญญาตรี,ทนาย/นักกฎหมาย
ขอนแก่น,นายศุภสิธ เตชะตานลท์,4,ชาย,71 - 80 ปี,ปริญญาโท,รับจ้าง/อาชีพอิสระ
ขอนแก่น,นายสุธน สอนคำแก้ว,5,ชาย,40 - 50 ปี,ปริญญาโท,ทนาย/นักกฎหมาย
ขอนแก่น,นายสุวิทย์ นามบุญเรือง,6,ชาย,61 - 70 ปี,ปริญญาโท,ข้าราชการประจำ
จันทบุรี,นางพจนา กิจกาญจน์,2,หญิง,40 - 50 ปี,ปริญญาตรี,ธุรกิจส่วนตัว/ค้าขาย
จันทบุรี,นายสันติ พลอยล้อมเพชร,3,ชาย,40 - 50 ปี,ปริญญาตรี,ธุรกิจส่วนตัว/ค้าขาย
จันทบุรี,นายสุรพงษ์ สุวรรณหิตาธร,1,ชาย,61 - 70 ปี,ปริญญาตรี,รับจ้าง/อาชีพอิสระ
ฉะเชิงเทรา,นายเชาวลิต เจริญพร,3,ชาย,51 - 60 ปี,ปริญญาโท,แพทย์
ฉะเชิงเทรา,นายสุเชน ทั่วทิพย์,2,ชาย,51 - 60 ปี,ปริญญาตรี,ทนาย/นักกฎหมาย
ฉะเชิงเทรา,นายสุนันต์ อรุณนพรัตน์,1,ชาย,61 - 70 ปี,ปริญญาตรี,ข้าราชการบำนาญ
ชลบุรี,นายกำพล ตั้งเอกชัย,3,ชาย,40 - 50 ปี,ปริญญาตรี,ครู/อาจารย์/นักวิชาการ
ชลบุรี,นายวิชัย จุลวนิชย์พงษ์,6,ชาย,51 - 60 ปี,ปริญญาตรี,แพทย์
ชลบุรี,นายสมชาย พัฒนะเอนก,4,ชาย,51 - 60 ปี,ปริญญาตรี,แพทย์
ชลบุรี,นายสุรสิทธิ์ นิธิวุฒิวรรักษ์,2,ชาย,51 - 60 ปี,ปริญญาตรี,นักการเมือง
ชลบุรี,นายแสงศร สุนทรศิลป์ชัย,1,ชาย,61 - 70 ปี,ปริญญาตรี,อาชีพอื่นๆ
ชลบุรี,พลตำรวจตรีบัณฑิต คุณจักร์,5,ชาย,61 - 70 ปี,ปริญญาโท,ข้าราชการบำนาญ
ชัยนาท,นางจิณาภา ทรัพย์วิสุทธิ์,5,หญิง,51 - 60 ปี,ปริญญาเอก,ธุรกิจส่วนตัว/ค้าขาย
ชัยนาท,นางสาววรรณอนงค์ ทรัพย์รวงทอง,1,หญิง,51 - 60 ปี,ปริญญาโท,ธุรกิจส่วนตัว/ค้าขาย
ชัยนาท,นายจำลอง โพธิ์สุข,4,ชาย,61 - 70 ปี,ปริญญาโท,ข้าราชการบำนาญ
ชัยนาท,นายจุติพงษ์  พุ่มมูล,3,ชาย,40 - 50 ปี,ปริญญาโท,อาชีพอื่นๆ
ชัยนาท,นายมณเฑียร สงฆ์ประชา,2,ชาย,51 - 60 ปี,ปริญญาตรี,ธุรกิจส่วนตัว/ค้าขาย
ชัยภูมิ,นางลัดดา วงศ์ใหญ่,6,หญิง,51 - 60 ปี,ปริญญาตรี,ธุรกิจส่วนตัว/ค้าขาย
ชัยภูมิ,นายบัณฑูรย์ เกียรติก้องชูชัย,5,ชาย,40 - 50 ปี,ปริญญาตรี,อาชีพอื่นๆ
ชัยภูมิ,นายสมมิตร รื่นรวย,7,ชาย,51 - 60 ปี,ปริญญาตรี,ธุรกิจส่วนตัว/ค้าขาย
ชัยภูมิ,นายสุดตา วงศ์นรา,1,ชาย,มากกว่า 80 ปี,ปริญญาตรี,ธุรกิจส่วนตัว/ค้าขาย
ชัยภูมิ,นายอุปกรณ์ วงศ์นรา,3,ชาย,51 - 60 ปี,ปริญญาตรี,รับจ้าง/อาชีพอิสระ
ชัยภูมิ,พลตำรวจโทสุกิจ อุดมเศรษฐ์,2,ชาย,61 - 70 ปี,ปริญญาโท,ข้าราชการบำนาญ
ชัยภูมิ,พันตำรวจโทวรินทร์ สวัสดิ์โรจน์,4,ชาย,51 - 60 ปี,ปริญญาตรี,ข้าราชการบำนาญ
ชุมพร,นางสาววรรณา แซ่ติ้ง,2,หญิง,51 - 60 ปี,ปริญญาโท,เกษตรกร
ชุมพร,นายพงศา ชูแนม,4,ชาย,40 - 50 ปี,ปริญญาตรี,ข้าราชการประจำ
ชุมพร,นายสัญญา ปานสวี,6,ชาย,51 - 60 ปี,ปริญญาตรี,เกษตรกร
ชุมพร,นายสุทรรศ พะลัง,3,ชาย,51 - 60 ปี,ปริญญาโท,เกษตรกร
ชุมพร,พันตำรวจเอกนรินทร์ บุษยวิทย์,1,ชาย,51 - 60 ปี,ปริญญาตรี,ข้าราชการประจำ
ชุมพร,พันตำรวจเอกเอกวัฒน์ โพธิ์เย็นญาติ,5,ชาย,61 - 70 ปี,ปริญญาโท,ข้าราชการประจำ
เชียงราย,นางเตือนใจ ดีเทศน์,1,หญิง,61 - 70 ปี,ปริญญาตรี,ครู/อาจารย์/นักวิชาการ
เชียงราย,นางสาวพนิดา มะโนธรรม,5,หญิง,40 - 50 ปี,ปริญญาตรี,เกษตรกร
เชียงราย,นายประสิทธิ บุญยืน,6,ชาย,61 - 70 ปี,ปริญญาตรี,ทนาย/นักกฎหมาย
เชียงราย,นายปรีชา พัวนุกุลนนท์,2,ชาย,61 - 70 ปี,ปริญญาโท,ข้าราชการบำนาญ
เชียงราย,นายมงคลชัย ดวงแสงทอง,3,ชาย,51 - 60 ปี,ปริญญาตรี,ธุรกิจส่วนตัว/ค้าขาย
เชียงราย,นายศักดิ์ชัย จงสุขธนามณี,4,ชาย,51 - 60 ปี,ปริญญาตรี,ธุรกิจส่วนตัว/ค้าขาย
เชียงใหม่,นายกฤษณพงษ์ พรมบึงรำ,7,ชาย,51 - 60 ปี,ปริญญาโท,อาชีพอื่นๆ
เชียงใหม่,นายชำนาญ จันทร์เรือง,4,ชาย,51 - 60 ปี,ปริญญาโท,ครู/อาจารย์/นักวิชาการ
เชียงใหม่,นายถาวร เกียรติไชยากร,6,ชาย,61 - 70 ปี,ปริญญาเอก,ครู/อาจารย์/นักวิชาการ
เชียงใหม่,นายบุญทา ชัยเลิศ,13,ชาย,51 - 60 ปี,ปริญญาเอก,ข้าราชการบำนาญ
เชียงใหม่,นายพงศ์พันธุ์ ไชยวัณณ์,5,ชาย,61 - 70 ปี,ปริญญาโท,ข้าราชการบำนาญ
เชียงใหม่,นายพรศักดิ์ สังข์สังวาลย์,8,ชาย,40 - 50 ปี,ปริญญาโท,ทนาย/นักกฎหมาย
เชียงใหม่,นายเพทาย เตโชฬาร,2,ชาย,40 - 50 ปี,ปริญญาตรี,แพทย์
เชียงใหม่,นายวชิระ เรืองพรวิสุทธิ์,12,ชาย,51 - 60 ปี,ปริญญาตรี,ธุรกิจส่วนตัว/ค้าขาย
เชียงใหม่,นายสมพงศ์ ค่ายคำ,1,ชาย,61 - 70 ปี,ปริญญาเอก,ข้าราชการบำนาญ
เชียงใหม่,นายสัมพันธ์ ฉัตรมงคลพันธ์,11,ชาย,61 - 70 ปี,ปริญญาเอก,ทนาย/นักกฎหมาย
เชียงใหม่,นายอดิศร กำเนิดศิริ,3,ชาย,51 - 60 ปี,ปริญญาโท,ข้าราชการบำนาญ
เชียงใหม่,นายอภิวัฒน์ คุณารักษ์,9,ชาย,51 - 60 ปี,ปริญญาตรี,ข้าราชการบำนาญ
เชียงใหม่,ร้อยตำรวจตรีสมพล เกษมมาลา,10,ชาย,61 - 70 ปี,ปริญญาโท,ข้าราชการบำนาญ
ตรัง,นายชวลา สัมพันธรัตน์,4,ชาย,61 - 70 ปี,ปริญญาตรี,ข้าราชการบำนาญ
ตรัง,นายณรงค์ฤทธิ์ เพชรฤทธิ์,8,ชาย,40 - 50 ปี,ปริญญาโท,ทนาย/นักกฎหมาย
ตรัง,นายดำรง สินไชย,2,ชาย,61 - 70 ปี,ปริญญาโท,ข้าราชการประจำ
ตรัง,นายถนัด ขวัญนิมิตร,5,ชาย,61 - 70 ปี,ปริญญาโท,ข้าราชการบำนาญ
ตรัง,นายเนติวิทย์ ขาวดี,3,ชาย,51 - 60 ปี,ปริญญาโท,ข้าราชการประจำ
ตรัง,นายพิมล ณ นคร,6,ชาย,51 - 60 ปี,ปริญญาตรี,ที่ปรึกษา
ตรัง,นายสมนึก บัวทอง,7,ชาย,61 - 70 ปี,ปริญญาตรี,ข้าราชการประจำ
ตรัง,นายสมศักดิ์ โล่สถาพรพิพิธ,1,ชาย,61 - 70 ปี,ปริญญาโท,ธุรกิจส่วนตัว/ค้าขาย
ตราด,นายบุญส่ง ไข่เกษ,1,ชาย,61 - 70 ปี,ปริญญาเอก,อาชีพอื่นๆ
ตราด,นายมงคล หวลถนอม,2,ชาย,71 - 80 ปี,ปริญญาตรี,ข้าราชการบำนาญ
ตราด,นายสิงหหา สง่าศิลป์,3,ชาย,61 - 70 ปี,ปริญญาตรี,ธุรกิจส่วนตัว/ค้าขาย
ตาก,นายชิงชัย ก่อประภากิจ,5,ชาย,51 - 60 ปี,ปริญญาตรี,ธุรกิจส่วนตัว/ค้าขาย
ตาก,นายฟรีอี เละเซ็น,1,ชาย,51 - 60 ปี,ปริญญาตรี,ทนาย/นักกฎหมาย
ตาก,พลตรีพรชัย เอี่ยมสนิทอมร,4,ชาย,61 - 70 ปี,ปริญญาโท,ข้าราชการบำนาญ
ตาก,พลโทไกรสีห์ โสภโณดร,3,ชาย,71 - 80 ปี,ปริญญาตรี,ข้าราชการบำนาญ
ตาก,พันตำรวจโทอนุรักษ์ จิรจิตร,2,ชาย,40 - 50 ปี,ปริญญาโท,ข้าราชการประจำ
นครนายก,นางสาวธัญธารีย์ จารุจิตติวัฒน์,3,หญิง,61 - 70 ปี,ปริญญาตรี,ธุรกิจส่วนตัว/ค้าขาย
นครนายก,นายพงศ์เดช วิบูลย์ธนสาร,1,ชาย,51 - 60 ปี,ปริญญาตรี,อาชีพอื่นๆ
นครนายก,นายมารุต โรจนาปิยาวงศ์,2,ชาย,71 - 80 ปี,ปริญญาตรี,ธุรกิจส่วนตัว/ค้าขาย
นครปฐม,นายธงชัย ศรีสุขจร,1,ชาย,40 - 50 ปี,ปริญญาโท,นักการเมือง
นครปฐม,นายธนาวัติ เขียวรุ้งเพชร,2,ชาย,51 - 60 ปี,ปริญญาโท,ทนาย/นักกฎหมาย
นครปฐม,นายไพบูลย์ เสถียรปกิรณกรณ์,3,ชาย,61 - 70 ปี,ปริญญาตรี,ข้าราชการบำนาญ
นครปฐม,พันตำรวจเอกมโนรถ สิทธานนท์,4,ชาย,61 - 70 ปี,ปริญญาโท,ข้าราชการบำนาญ
นครพนม,นายจำลอง รัตนโกเศศ,3,ชาย,61 - 70 ปี,ปริญญาโท,ข้าราชการบำนาญ
นครพนม,นายพงษ์เสกสรร แสนสุข,4,ชาย,40 - 50 ปี,ปริญญาโท,ทนาย/นักกฎหมาย
นครพนม,นายวัชรินทร์ เจียวิริยบุญญา,2,ชาย,51 - 60 ปี,ปริญญาโท,ธุรกิจส่วนตัว/ค้าขาย
นครพนม,นายสมนาม เหล่าเกียรติ,1,ชาย,40 - 50 ปี,ปริญญาโท,พนักงานส่วนท้องถิ่น
นครพนม,นายโอภาส สุมนารถ,5,ชาย,61 - 70 ปี,ปริญญาโท,รับจ้าง/อาชีพอิสระ
นครราชสีมา,นางเพ็ญศรี จารุกำเนิดกนก,4,หญิง,61 - 70 ปี,ปริญญาโท,ธุรกิจส่วนตัว/ค้าขาย
นครราชสีมา,นายปรีชา กำพุฒกลาง,2,ชาย,51 - 60 ปี,ปริญญาโท,ข้าราชการประจำ
นครราชสีมา,นายพงษ์ศิริ กุสุมภ์,1,ชาย,61 - 70 ปี,ปริญญาโท,ข้าราชการประจำ
นครราชสีมา,นายไพลิน ภูวสวัสดิ์,5,ชาย,51 - 60 ปี,ปริญญาตรี,ธุรกิจส่วนตัว/ค้าขาย
นครราชสีมา,นายสุรัตน์ จุลวรวงศ์,6,ชาย,51 - 60 ปี,ปริญญาตรี,ธุรกิจส่วนตัว/ค้าขาย
นครราชสีมา,พลเอกวีรวุธ ส่งสาย,3,ชาย,61 - 70 ปี,ปริญญาโท,ข้าราชการบำนาญ
นครศรีธรรมราช,นายเฉลิมศักดิ์ บุญนำ,6,ชาย,40 - 50 ปี,ปริญญาโท,ครู/อาจารย์/นักวิชาการ
นครศรีธรรมราช,นายนัฏฐวัฒน์ สุดประเสริฐ,7,ชาย,40 - 50 ปี,ปริญญาเอก,ครู/อาจารย์/นักวิชาการ
นครศรีธรรมราช,นายมงคล อินทสุวรรณ์,4,ชาย,61 - 70 ปี,ปริญญาโท,ข้าราชการบำนาญ
นครศรีธรรมราช,นายมนัส เพ็งสุทธิ์,1,ชาย,61 - 70 ปี,ปริญญาโท,ข้าราชการบำนาญ
นครศรีธรรมราช,นายสุวัฒน์ ตั้งตระกูล,3,ชาย,51 - 60 ปี,ปริญญาโท,ทนาย/นักกฎหมาย
นครศรีธรรมราช,นายอรุณ ชนะคช,5,ชาย,61 - 70 ปี,ปริญญาตรี,ข้าราชการบำนาญ
นครศรีธรรมราช,พันจ่าอากาศเอกอากร ณ นคร,8,ชาย,61 - 70 ปี,ปริญญาตรี,ข้าราชการบำนาญ
นครศรีธรรมราช,พันตำรวจเอกธรรมนูญ ไฝจู,2,ชาย,51 - 60 ปี,ปริญญาโท,ข้าราชการบำนาญ
นครสวรรค์,นางลัดดาวัลย์ เดชเจริญรุ่งเรือง,6,หญิง,51 - 60 ปี,ปริญญาตรี,ธุรกิจส่วนตัว/ค้าขาย
นครสวรรค์,นายธรรมรัฐ เนียมณรงค์,2,ชาย,61 - 70 ปี,ปริญญาตรี,ทนาย/นักกฎหมาย
นครสวรรค์,นายนิกร รักษ์พุก,5,ชาย,40 - 50 ปี,ปริญญาตรี,รับจ้าง/อาชีพอิสระ
นครสวรรค์,นายบูรพา ผู้ภักดี,3,ชาย,51 - 60 ปี,ปริญญาโท,ข้าราชการประจำ
นครสวรรค์,นายวุฒิพงษ์ ชวนประสงค์,4,ชาย,51 - 60 ปี,ปริญญาตรี,ครู/อาจารย์/นักวิชาการ
นครสวรรค์,เรืออากาศเอกจักวาล ตั้งภากรณ์,1,ชาย,51 - 60 ปี,ปริญญาตรี,ธุรกิจส่วนตัว/ค้าขาย
นนทบุรี,นางพรพิมล บุญนิมิตร,9,หญิง,61 - 70 ปี,ปริญญาโท,ข้าราชการบำนาญ
นนทบุรี,นางพิมพร ชูรอด,8,หญิง,51 - 60 ปี,ปริญญาตรี,ธุรกิจส่วนตัว/ค้าขาย
นนทบุรี,นายกิตติชัย ปฏิภาณประเสริฐ,12,ชาย,51 - 60 ปี,ปริญญาโท,ธุรกิจส่วนตัว/ค้าขาย
นนทบุรี,นายจักรชัย อุ่นใจ,1,ชาย,61 - 70 ปี,ปริญญาเอก,ครู/อาจารย์/นักวิชาการ
นนทบุรี,นายชาลี โกมลสุทธิ์,5,ชาย,61 - 70 ปี,ปริญญาโท,ครู/อาจารย์/นักวิชาการ
นนทบุรี,นายธนพงศ์ ธนเดชากุล,3,ชาย,51 - 60 ปี,ปริญญาโท,ธุรกิจส่วนตัว/ค้าขาย
นนทบุรี,นายพรชัย สาเมือง,2,ชาย,40 - 50 ปี,ปริญญาเอก,ธุรกิจส่วนตัว/ค้าขาย
นนทบุรี,นายยวด แก้วแดง,7,ชาย,71 - 80 ปี,ปริญญาเอก,ข้าราชการบำนาญ
นนทบุรี,นายรวีโรจน์ ธนบดีธนไพศาล,10,ชาย,51 - 60 ปี,ปริญญาเอก,ข้าราชการบำนาญ
นนทบุรี,นายรังสรรค์ ทองทา,11,ชาย,51 - 60 ปี,ปริญญาตรี,ธุรกิจส่วนตัว/ค้าขาย
นนทบุรี,นายวรเศรษฐ์ พัชรปรีชารัตน์,4,ชาย,61 - 70 ปี,ปริญญาโท,ธุรกิจส่วนตัว/ค้าขาย
นนทบุรี,นายวัชรพล บุษมงคล,6,ชาย,51 - 60 ปี,ปริญญาโท,ธุรกิจส่วนตัว/ค้าขาย
นราธิวาส,นายซูไหรี่ นิฮะ,4,ชาย,40 - 50 ปี,ปริญญาตรี,ธุรกิจส่วนตัว/ค้าขาย
นราธิวาส,นายนิมันซูร จิยี่งอ,1,ชาย,40 - 50 ปี,ปริญญาโท,ครู/อาจารย์/นักวิชาการ
นราธิวาส,นายนิรันดร์ บุญบ้านเกิด,3,ชาย,61 - 70 ปี,ปริญญาโท,ธุรกิจส่วนตัว/ค้าขาย
นราธิวาส,นายมะฮูเซ็น มะสุยี,2,ชาย,51 - 60 ปี,ปริญญาตรี,นักการเมือง
น่าน,นายชัยวุฒิ คูอาริยะกุล,1,ชาย,40 - 50 ปี,ปริญญาโท,ธุรกิจส่วนตัว/ค้าขาย
น่าน,นายศรีสุรินทร์ จำปา,2,ชาย,51 - 60 ปี,ปริญญาโท,ข้าราชการบำนาญ
น่าน,นายเสรี พิมพ์มาศ,3,ชาย,61 - 70 ปี,ปริญญาโท,ข้าราชการบำนาญ
น่าน,นายอานนท์ ตันตระกูล,4,ชาย,51 - 60 ปี,ปริญญาตรี,ธุรกิจส่วนตัว/ค้าขาย
บึงกาฬ,นางกันยา แต้เจริญวิริยะกุล,4,หญิง,51 - 60 ปี,ปริญญาตรี,ข้าราชการประจำ
บึงกาฬ,นายณัฐพล เนื่องชมภู,3,ชาย,51 - 60 ปี,ปริญญาเอก,ครู/อาจารย์/นักวิชาการ
บึงกาฬ,นายบุญมา พันดวง,1,ชาย,51 - 60 ปี,ปริญญาตรี,อาชีพอื่นๆ
บึงกาฬ,นายวิทยา บุติมุลตรี,5,ชาย,40 - 50 ปี,ปริญญาโท,ข้าราชการประจำ
บึงกาฬ,นายอัคเนย์ แถวบุญตา,2,ชาย,61 - 70 ปี,ปริญญาตรี,ข้าราชการประจำ
บุรีรัมย์,นายการุณ ใสงาม,1,ชาย,61 - 70 ปี,ปริญญาโท,ทนาย/นักกฎหมาย
บุรีรัมย์,นายยืนยง ทิพย์โภชน์,2,ชาย,51 - 60 ปี,ปริญญาโท,ครู/อาจารย์/นักวิชาการ
บุรีรัมย์,นายเสริมศักดิ์ ทองศรี,3,ชาย,61 - 70 ปี,ปริญญาโท,เกษตรกร
ปทุมธานี,นางนิพัทธา อมรรัตนเมธา,7,หญิง,71 - 80 ปี,ปริญญาโท,ข้าราชการบำนาญ
ปทุมธานี,นางมาลา หาญสวัสดิ์,1,หญิง,51 - 60 ปี,ปริญญาตรี,ธุรกิจส่วนตัว/ค้าขาย
ปทุมธานี,นางสาวอิสรา สงวนพงศ์,8,หญิง,40 - 50 ปี,ปริญญาโท,รับจ้าง/อาชีพอิสระ
ปทุมธานี,นางเอมอร ซำศิริพงษ์,3,หญิง,61 - 70 ปี,ปริญญาโท,ธุรกิจส่วนตัว/ค้าขาย
ปทุมธานี,นายพรหมชยารัฐ ธนัฒศิริวรรณ,10,ชาย,40 - 50 ปี,ปริญญาเอก,ข้าราชการประจำ
ปทุมธานี,นายสุชาติ โสมเกษตรินทร์,6,ชาย,51 - 60 ปี,ปริญญาโท,รับจ้าง/อาชีพอิสระ
ปทุมธานี,นายสุพจน์ ศรีสุวรรณ,4,ชาย,61 - 70 ปี,ปริญญาโท,ข้าราชการบำนาญ
ปทุมธานี,นายเอกสิทธิ์ ลิ้มสุวรรณ,9,ชาย,61 - 70 ปี,ปริญญาเอก,ข้าราชการบำนาญ
ปทุมธานี,พันจ่าเอกวิชัย หัสดี,2,ชาย,51 - 60 ปี,ปริญญาตรี,ข้าราชการประจำ
ปทุมธานี,ว่าที่ พันตำรวจเอกประทีป เจริญกัลป์,5,ชาย,40 - 50 ปี,ปริญญาโท,ข้าราชการประจำ
ประจวบคีรีขันธ์,นายสนิท บุญก่อสกุล,2,ชาย,61 - 70 ปี,ปริญญาโท,ข้าราชการบำนาญ
ประจวบคีรีขันธ์,นายสืบยศ ใบแย้ม,1,ชาย,51 - 60 ปี,ปริญญาโท,ธุรกิจส่วนตัว/ค้าขาย
ประจวบคีรีขันธ์,นายสุรศักดิ์ ดุสิตสิทธิพร,3,ชาย,40 - 50 ปี,ปริญญาโท,ธุรกิจส่วนตัว/ค้าขาย
ปราจีนบุรี,นางไพรินทร์ จิรัฐิติเจริญ,3,หญิง,51 - 60 ปี,ปริญญาโท,ธุรกิจส่วนตัว/ค้าขาย
ปราจีนบุรี,นายเดชฤทธิ์ ปัญจะมูล,4,ชาย,61 - 70 ปี,ปริญญาโท,ข้าราชการบำนาญ
ปราจีนบุรี,นายสมาน พูลสวัสดิมงคล,2,ชาย,61 - 70 ปี,ปริญญาตรี,ครู/อาจารย์/นักวิชาการ
ปราจีนบุรี,นายสฤษดิ์ บุตรเนียร,1,ชาย,51 - 60 ปี,ปริญญาตรี,ครู/อาจารย์/นักวิชาการ
ปัตตานี,นางสาวเพชรดาว โต๊ะมีนา,4,หญิง,40 - 50 ปี,ปริญญาโท,ข้าราชการประจำ
ปัตตานี,นายประมุข ลมุล,6,ชาย,61 - 70 ปี,ปริญญาโท,ข้าราชการประจำ
ปัตตานี,นายสมหวัง อภิชัยรักษ์,1,ชาย,61 - 70 ปี,ปริญญาตรี,แพทย์
ปัตตานี,นายอับดุลฮามิด จะปะกียา,3,ชาย,51 - 60 ปี,ปริญญาโท,ครู/อาจารย์/นักวิชาการ
ปัตตานี,พลโทมนตรี อุมารี,2,ชาย,61 - 70 ปี,ปริญญาตรี,ข้าราชการบำนาญ
พระนครศรีอยุธยา,นายคณิพงษ์ แขวัฒนะ,3,ชาย,40 - 50 ปี,ปริญญาโท,ธุรกิจส่วนตัว/ค้าขาย
พระนครศรีอยุธยา,นายนภดล อมรเวช,1,ชาย,40 - 50 ปี,ปริญญาเอก,รับจ้าง/อาชีพอิสระ
พระนครศรีอยุธยา,นายเฟื่องวิทย์ ชูตินันท์,2,ชาย,51 - 60 ปี,ปริญญาโท,ข้าราชการบำนาญ
พระนครศรีอยุธยา,พลตำรวจโทไพฑูรย์ ชูชัยยะ,4,ชาย,61 - 70 ปี,ปริญญาตรี,ข้าราชการบำนาญ
พะเยา,นายไพรัตน์ ตันบรรจง,1,ชาย,51 - 60 ปี,ปริญญาโท,ธุรกิจส่วนตัว/ค้าขาย
พะเยา,นายเสถียร เชื้อประเสริฐศักดิ์,2,ชาย,51 - 60 ปี,ปริญญาตรี,ทนาย/นักกฎหมาย
พังงา,นายกระจ่าง เพชรบูรณ์,1,ชาย,61 - 70 ปี,ปริญญาตรี,ข้าราชการบำนาญ
พังงา,นายเนรมิตร มีเพียร,2,ชาย,51 - 60 ปี,ปริญญาตรี,ธุรกิจส่วนตัว/ค้าขาย
พังงา,นายวระชาติ ทนังผล,4,ชาย,40 - 50 ปี,ปริญญาเอก,ธุรกิจส่วนตัว/ค้าขาย
พังงา,นายวาณิช วัฒนกิจ,5,ชาย,61 - 70 ปี,ปริญญาตรี,ข้าราชการบำนาญ
พังงา,นายอารักษ์ บุณยัษเฐียร,3,ชาย,61 - 70 ปี,ปริญญาตรี,ข้าราชการบำนาญ
พัทลุง,นางวรวรรณี บุญนวล,5,หญิง,40 - 50 ปี,ปริญญาโท,รับจ้าง/อาชีพอิสระ
พัทลุง,นายทวี ภูมิสิงหราช,3,ชาย,61 - 70 ปี,ปริญญาตรี,ธุรกิจส่วนตัว/ค้าขาย
พัทลุง,นายประภาศ ปานเจี้ยง,1,ชาย,40 - 50 ปี,ปริญญาเอก,ครู/อาจารย์/นักวิชาการ
พัทลุง,นายสานันท์ สุพรรณชนะบุรี,6,ชาย,61 - 70 ปี,ปริญญาโท,เกษตรกร
พัทลุง,นายอภินันท์ ชูดำ,2,ชาย,51 - 60 ปี,ปริญญาโท,ธุรกิจส่วนตัว/ค้าขาย
พัทลุง,พันตำรวจเอกจรงค์ ภักดีวานิช,4,ชาย,61 - 70 ปี,ปริญญาตรี,ข้าราชการบำนาญ
พิจิตร,นางวารุณี ด่านรุ่งโรจน์ ,5,หญิง,40 - 50 ปี,ปริญญาตรี,รับจ้าง/อาชีพอิสระ
พิจิตร,นายกิตติ์ธเนศ โภคินบุญญารัศมิ์ ,1,ชาย,40 - 50 ปี,ปริญญาเอก,รับจ้าง/อาชีพอิสระ
พิจิตร,นายมาโนช นิลนาก ,3,ชาย,51 - 60 ปี,ปริญญาตรี,ทนาย/นักกฎหมาย
พิจิตร,นายวิชัย ด่านรุ่งโรจน์ ,2,ชาย,51 - 60 ปี,ปริญญาตรี,นักการเมือง
พิจิตร,นายสมเกียรติ ศรีม่วง ,6,ชาย,40 - 50 ปี,ปริญญาโท,รับจ้าง/อาชีพอิสระ
พิจิตร,นายสุรสิทธิ์ ฉัตรชัยเดช ,4,ชาย,51 - 60 ปี,ปริญญาโท,ทนาย/นักกฎหมาย
พิษณุโลก,นางเปรมฤดี ชามพูนท,2,หญิง,61 - 70 ปี,ปริญญาโท,ข้าราชการประจำ
พิษณุโลก,นายฐิติพงษ์ชาญ ทรัพย์เพิ่มพูนทวี,3,ชาย,40 - 50 ปี,ปริญญาตรี,ธุรกิจส่วนตัว/ค้าขาย
พิษณุโลก,นายนิธิทนันท์ ก้าวศรีสุริยะธาดา,7,ชาย,40 - 50 ปี,ปริญญาตรี,ทนาย/นักกฎหมาย
พิษณุโลก,นายยอด นาคหวัง,6,ชาย,51 - 60 ปี,ปริญญาตรี,ทนาย/นักกฎหมาย
พิษณุโลก,นายวชิระ แสงสิงห์,5,ชาย,40 - 50 ปี,ปริญญาโท,ธุรกิจส่วนตัว/ค้าขาย
พิษณุโลก,นายเศรษฐา สุทธิหล่อ,9,ชาย,40 - 50 ปี,ปริญญาตรี,ธุรกิจส่วนตัว/ค้าขาย
พิษณุโลก,นายสันติ ศิริสินเลิศ,4,ชาย,51 - 60 ปี,ปริญญาโท,ธุรกิจส่วนตัว/ค้าขาย
พิษณุโลก,นายสำเริง สุขรุ่งเรือง,8,ชาย,61 - 70 ปี,ปริญญาตรี,รัฐวิสาหกิจ
พิษณุโลก,นายสุรินทร์ ฐิติปุญญา,1,ชาย,71 - 80 ปี,ปริญญาโท,ธุรกิจส่วนตัว/ค้าขาย
เพชรบุรี,นางลักขณา สุภาแพ่ง,3,หญิง,51 - 60 ปี,ปริญญาตรี,ข้าราชการประจำ
เพชรบุรี,นางสาวนฤมล สุตะวิริยะวัฒน์,6,หญิง,40 - 50 ปี,ปริญญาโท,ธุรกิจส่วนตัว/ค้าขาย
เพชรบุรี,นายชวน มินศิริ,5,ชาย,71 - 80 ปี,ปริญญาตรี,ข้าราชการบำนาญ
เพชรบุรี,นายปภังกร จรรยงค์,8,ชาย,40 - 50 ปี,ปริญญาตรี,ทนาย/นักกฎหมาย
เพชรบุรี,นายมนู อุดมเวช,1,ชาย,61 - 70 ปี,ปริญญาโท,ข้าราชการบำนาญ
เพชรบุรี,นายสุชาติ อุสาหะ,4,ชาย,40 - 50 ปี,ปริญญาโท,ธุรกิจส่วนตัว/ค้าขาย
เพชรบุรี,นายหัสพันธ์ เสมเถื่อน,7,ชาย,40 - 50 ปี,ปริญญาตรี,ทนาย/นักกฎหมาย
เพชรบุรี,พลอากาศโทชนนนาถ เทพลิบ,2,ชาย,51 - 60 ปี,ปริญญาเอก,ข้าราชการประจำ
เพชรบูรณ์,นายชาติชัย สาลีผล,7,ชาย,51 - 60 ปี,ปริญญาโท,ข้าราชการประจำ
เพชรบูรณ์,นายณรงค์ จันทร์เชื้อ,4,ชาย,51 - 60 ปี,ปริญญาโท,ข้าราชการบำนาญ
เพชรบูรณ์,นายณรักษ์ มณีราช,2,ชาย,61 - 70 ปี,ปริญญาโท,ข้าราชการบำนาญ
เพชรบูรณ์,นายพิพัฒน์ชัย ภัครัชตานนท์,1,ชาย,40 - 50 ปี,ปริญญาโท,ธุรกิจส่วนตัว/ค้าขาย
เพชรบูรณ์,นายวีรศักดิ์ เหล่าบุตรสา,3,ชาย,40 - 50 ปี,ปริญญาตรี,ธุรกิจส่วนตัว/ค้าขาย
เพชรบูรณ์,นายเสถียร เม่นบางผึ้ง,5,ชาย,51 - 60 ปี,ปริญญาโท,ทนาย/นักกฎหมาย
เพชรบูรณ์,นายโสภา เปรมโสภณ,6,ชาย,51 - 60 ปี,ปริญญาตรี,ธุรกิจส่วนตัว/ค้าขาย
แพร่,ดาบตำรวจบุหลัน ราษฎร์คำพรรณ์,1,ชาย,51 - 60 ปี,ปริญญาโท,นักการเมือง
แพร่,นายดอนเมืองแพร่ หริ่มรักษาทรัพย์,4,ชาย,61 - 70 ปี,ปริญญาตรี,ธุรกิจส่วนตัว/ค้าขาย
แพร่,นายบุญทอง ปัญญาสว่างจิตร,3,ชาย,51 - 60 ปี,ปริญญาโท,ธุรกิจส่วนตัว/ค้าขาย
แพร่,นายสามขวัญ พนมขวัญ,2,ชาย,61 - 70 ปี,ปริญญาโท,ธุรกิจส่วนตัว/ค้าขาย
ภูเก็ต,นายชัยยศ ปัญญาไวย,2,ชาย,40 - 50 ปี,ปริญญาตรี,ทนาย/นักกฎหมาย
ภูเก็ต,นายชัยเยนทร์ เมืองแมน,4,ชาย,61 - 70 ปี,ปริญญาโท,ข้าราชการบำนาญ
ภูเก็ต,นายเชิดชัย วงศ์เสรี,6,ชาย,51 - 60 ปี,ปริญญาตรี,ทนาย/นักกฎหมาย
ภูเก็ต,นายเชิดชู แซ่เอี๋ยว,7,ชาย,51 - 60 ปี,ปริญญาตรี,นักการเมือง
ภูเก็ต,นายทรงวุฒิ หงษ์หยก,3,ชาย,51 - 60 ปี,ปริญญาโท,นักการเมือง
ภูเก็ต,นายแนบ สินทอง,8,ชาย,61 - 70 ปี,ปริญญาโท,ข้าราชการบำนาญ
ภูเก็ต,นายบำรุง รุ่งเรือง,1,ชาย,51 - 60 ปี,ปริญญาโท,ทนาย/นักกฎหมาย
ภูเก็ต,นายมาโนช พันธ์ฉลาด,5,ชาย,40 - 50 ปี,ปริญญาโท,ธุรกิจส่วนตัว/ค้าขาย
มหาสารคาม,นายมานิศ พิมพ์ดี,4,ชาย,71 - 80 ปี,ปริญญาโท,ทนาย/นักกฎหมาย
มหาสารคาม,นายรังสรรค์ เพียรอดวงษ์,2,ชาย,61 - 70 ปี,ปริญญาโท,ข้าราชการบำนาญ
มหาสารคาม,นายวิทยา มะเสนา,3,ชาย,61 - 70 ปี,ปริญญาเอก,ครู/อาจารย์/นักวิชาการ
มหาสารคาม,นายศรีเมือง เจริญศิริ,1,ชาย,71 - 80 ปี,ปริญญาเอก,ข้าราชการบำนาญ
มุกดาหาร,นายคำมูล วาปีกุลเศรษฐ์,7,ชาย,51 - 60 ปี,ปริญญาตรี,อาชีพอื่นๆ
มุกดาหาร,นายเจษฎาพล คำภูษา,1,ชาย,51 - 60 ปี,ปริญญาโท,พนักงานของรัฐ
มุกดาหาร,นายนรัชชา ศรีเจริญ,2,ชาย,40 - 50 ปี,ปริญญาโท,ข้าราชการประจำ
มุกดาหาร,นายประจักร เทพศรีหา,4,ชาย,40 - 50 ปี,ปริญญาตรี,ทนาย/นักกฎหมาย
มุกดาหาร,นายโมช แก่นงาม,6,ชาย,40 - 50 ปี,ปริญญาตรี,ครู/อาจารย์/นักวิชาการ
มุกดาหาร,นายวิริยะ ทองผา,3,ชาย,51 - 60 ปี,ปริญญาโท,ธุรกิจส่วนตัว/ค้าขาย
มุกดาหาร,นายอนุสรณ์ ตั้งปณิธานนท์,5,ชาย,51 - 60 ปี,ปริญญาตรี,ธุรกิจส่วนตัว/ค้าขาย
แม่ฮ่องสอน,นายจำลอง รุ่งเรือง,1,ชาย,61 - 70 ปี,ปริญญาโท,ธุรกิจส่วนตัว/ค้าขาย
แม่ฮ่องสอน,นายนภดล ปัญญา,5,ชาย,51 - 60 ปี,ปริญญาตรี,ธุรกิจส่วนตัว/ค้าขาย
แม่ฮ่องสอน,นายสุเทพ นุชทรวง,3,ชาย,51 - 60 ปี,ปริญญาตรี,ข้าราชการบำนาญ
แม่ฮ่องสอน,นายสุรพล สันติโชตินันท์,2,ชาย,51 - 60 ปี,ปริญญาโท,นักการเมือง
แม่ฮ่องสอน,พลอากาศเอกยุทธนา สุกุมลจันทร์,4,ชาย,51 - 60 ปี,ปริญญาตรี,ข้าราชการประจำ
แม่ฮ่องสอน,ว่าที่ ร้อยตรีโชติปฐมพนต ธีรพล สังข์ภิรมย์,6,ชาย,51 - 60 ปี,ปริญญาโท,ครู/อาจารย์/นักวิชาการ
ยโสธร,นางประยูร เหล่าสายเชื้อ,2,หญิง,51 - 60 ปี,ปริญญาโท,ธุรกิจส่วนตัว/ค้าขาย
ยโสธร,นายวิฑูรย์ วงษ์ไกร,1,ชาย,61 - 70 ปี,ปริญญาตรี,ธุรกิจส่วนตัว/ค้าขาย
ยโสธร,นายศราวุธ พาลพล,4,ชาย,51 - 60 ปี,ปริญญาตรี,ครู/อาจารย์/นักวิชาการ
ยโสธร,นายอนุสรณ์ ไพธิ์ไพร,3,ชาย,51 - 60 ปี,ปริญญาตรี,ครู/อาจารย์/นักวิชาการ
ยะลา,นายจิรภัฏ ฤกษ์มณีรัตน์,2,ชาย,61 - 70 ปี,ปริญญาตรี,ครู/อาจารย์/นักวิชาการ
ยะลา,นายสันติ เจริญปัญญาศักดิ์,4,ชาย,61 - 70 ปี,ปริญญาโท,ข้าราชการบำนาญ
ยะลา,นายอับดุลเล๊าะ อาเย๊าะแซ,1,ชาย,40 - 50 ปี,ปริญญาตรี,นักการเมือง
ยะลา,นายอับดุลอายี สาแม็ง,3,ชาย,51 - 60 ปี,ปริญญาโท,นักการเมือง
ร้อยเอ็ด,นางจิรภา ธีระกนก,2,หญิง,61 - 70 ปี,ปริญญาโท,ข้าราชการบำนาญ
ร้อยเอ็ด,นางสุภาพ ติณรัตน์,3,หญิง,51 - 60 ปี,ปริญญาโท,เกษตรกร
ร้อยเอ็ด,นายเกรียงศักดิ์ หลักคำ,1,ชาย,40 - 50 ปี,ปริญญาตรี,ทนาย/นักกฎหมาย
ร้อยเอ็ด,นายจาตุรันต์ แก่นวงษ์คำ,10,ชาย,40 - 50 ปี,ปริญญาตรี,ทนาย/นักกฎหมาย
ร้อยเอ็ด,นายธนบรรณ น้ำกระจาย,9,ชาย,40 - 50 ปี,ปริญญาตรี,เกษตรกร
ร้อยเอ็ด,นายนิรันดร์ คลังบุญวาสน์,7,ชาย,61 - 70 ปี,ปริญญาตรี,ข้าราชการบำนาญ
ร้อยเอ็ด,นายพิชัย คามวัลย์,6,ชาย,51 - 60 ปี,ปริญญาตรี,ทนาย/นักกฎหมาย
ร้อยเอ็ด,นายวรชาติ กองเมธี,5,ชาย,51 - 60 ปี,ปริญญาตรี,ข้าราชการบำนาญ
ร้อยเอ็ด,นายวิรัตน์ นาเมืองรักษ์,8,ชาย,61 - 70 ปี,ปริญญาเอก,รัฐวิสาหกิจ
ร้อยเอ็ด,นายสมเกียรติ พื้นแสน,4,ชาย,61 - 70 ปี,ปริญญาโท,ครู/อาจารย์/นักวิชาการ
ร้อยเอ็ด,ว่าที่ พันตรีสามารถ แท่นประยุทธ,11,ชาย,51 - 60 ปี,ปริญญาตรี,ธุรกิจส่วนตัว/ค้าขาย
ระนอง,นายคำนึง โสตถิอุดม,4,ชาย,51 - 60 ปี,ปริญญาโท,ข้าราชการประจำ
ระนอง,นายไชยันต์ ปฏิยุทธ,3,ชาย,61 - 70 ปี,ปริญญาตรี,ข้าราชการประจำ
ระนอง,นายนิรุตติ สุทธินนท์,2,ชาย,40 - 50 ปี,ปริญญาเอก,ธุรกิจส่วนตัว/ค้าขาย
ระนอง,นายศักดา ศรีวิริยะไพบูลย์,1,ชาย,51 - 60 ปี,ปริญญาโท,ธุรกิจส่วนตัว/ค้าขาย
ระนอง,นายสิทธิชัย รักชู,5,ชาย,61 - 70 ปี,ปริญญาตรี,ข้าราชการประจำ
ระยอง,นายนิคม อ่อนละมัย,1,ชาย,40 - 50 ปี,ปริญญาโท,อาชีพอื่นๆ
ระยอง,นายพฤกษ์ พลายเวช,2,ชาย,61 - 70 ปี,ปริญญาตรี,ธุรกิจส่วนตัว/ค้าขาย
ระยอง,นายภีมเดช อมรสุคนธ์,7,ชาย,51 - 60 ปี,ปริญญาตรี,ทนาย/นักกฎหมาย
ระยอง,นายรฐชาย ยอดมาลัย,6,ชาย,40 - 50 ปี,ปริญญาโท,ธุรกิจส่วนตัว/ค้าขาย
ระยอง,นายสุรชัย ปิตุเตชะ,3,ชาย,61 - 70 ปี,ปริญญาโท,ธุรกิจส่วนตัว/ค้าขาย
ระยอง,นาวาโทภานุพงศ์ จิตดล,5,ชาย,51 - 60 ปี,ปริญญาเอก,ข้าราชการบำนาญ
ระยอง,ว่าที่ ร้อยโทสรสุชาติ บุญปลื้ม,4,ชาย,40 - 50 ปี,ปริญญาโท,ธุรกิจส่วนตัว/ค้าขาย
ราชบุรี,นางเพียงเพ็ญ ศักดิ์สมบูรณ์,1,หญิง,51 - 60 ปี,ปริญญาตรี,นักการเมือง
ราชบุรี,นายกฤตธน สุนทรสเจริญ,8,ชาย,40 - 50 ปี,ปริญญาตรี,ครู/อาจารย์/นักวิชาการ
ราชบุรี,นายนิมิต จันทร์วิมล,4,ชาย,61 - 70 ปี,ปริญญาโท,ข้าราชการบำนาญ
ราชบุรี,นายพิทยา อังกูรจารุชัย,7,ชาย,40 - 50 ปี,ปริญญาโท,ธุรกิจส่วนตัว/ค้าขาย
ราชบุรี,นายสมบัติ เรืองกฤษ,2,ชาย,51 - 60 ปี,ปริญญาโท,รับจ้าง/อาชีพอิสระ
ราชบุรี,นายสุทน ขำเจริญ,5,ชาย,40 - 50 ปี,ปริญญาโท,ธุรกิจส่วนตัว/ค้าขาย
ราชบุรี,นายอุดม ฐิตวัฒนะสกุล,3,ชาย,40 - 50 ปี,ปริญญาโท,ครู/อาจารย์/นักวิชาการ
ราชบุรี,ว่าที่ ร้อยเอกอำนาจ ขำวิเศษ,6,ชาย,40 - 50 ปี,ปริญญาตรี,ครู/อาจารย์/นักวิชาการ
ลพบุรี,ดาบตำรวจลออ สดเอี่ยม,10,ชาย,51 - 60 ปี,ปริญญาตรี,ข้าราชการบำนาญ
ลพบุรี,นางประไพพิศ วงษ์สุวรรณ์,1,หญิง,61 - 70 ปี,ปริญญาตรี,ข้าราชการบำนาญ
ลพบุรี,นางปวีณา อุ้ยลี,5,หญิง,40 - 50 ปี,ปริญญาตรี,ข้าราชการประจำ
ลพบุรี,นางสาวศรีรัตน์ ฤกษ์พิชัย,8,หญิง,40 - 50 ปี,ปริญญาตรี,ธุรกิจส่วนตัว/ค้าขาย
ลพบุรี,นายชัยรัตน์ มาตยานุมัตย์,9,ชาย,51 - 60 ปี,ปริญญาโท,ทนาย/นักกฎหมาย
ลพบุรี,นายประทวน สุทธิอำนวยเดช,4,ชาย,51 - 60 ปี,ปริญญาโท,ข้าราชการประจำ
ลพบุรี,นายประทีป ตรีวาสน์,11,ชาย,51 - 60 ปี,ปริญญาตรี,ธุรกิจส่วนตัว/ค้าขาย
ลพบุรี,นายประยุทธ คงเฉลิมวัฒน์,2,ชาย,61 - 70 ปี,ปริญญาตรี,อาชีพอื่นๆ
ลพบุรี,นายพรชัย นันทวีชัยกุล,7,ชาย,51 - 60 ปี,ปริญญาตรี,ทนาย/นักกฎหมาย
ลพบุรี,นายสุรชัย ศรีแสงอ่อน,3,ชาย,61 - 70 ปี,ปริญญาตรี,ข้าราชการบำนาญ
ลพบุรี,นายเอกราช กำเนิดสุข,6,ชาย,40 - 50 ปี,ปริญญาโท,ข้าราชการประจำ
ลำปาง,ดาบตำรวจกิจชนะชัย ปะละ,5,ชาย,61 - 70 ปี,ปริญญาตรี,อาชีพอื่นๆ
ลำปาง,นายธนชัย พงษ์โสภาวิจิตร,3,ชาย,61 - 70 ปี,ปริญญาตรี,ธุรกิจส่วนตัว/ค้าขาย
ลำปาง,นายบุญชู ตรีทอง,4,ชาย,61 - 70 ปี,ปริญญาตรี,ที่ปรึกษา
ลำปาง,นายวราวุฒิ หน่อคำ,1,ชาย,51 - 60 ปี,ปริญญาโท,ทนาย/นักกฎหมาย
ลำปาง,นายอำนวย เงินกระแชง,2,ชาย,71 - 80 ปี,ปริญญาตรี,ธุรกิจส่วนตัว/ค้าขาย
ลำพูน,นางกฤษฎาภรณ์ รุจิธำรงกุล,5,หญิง,51 - 60 ปี,ปริญญาเอก,ข้าราชการประจำ
ลำพูน,นายดิเรก ก้อนกลีบ,3,ชาย,61 - 70 ปี,ปริญญาตรี,ข้าราชการประจำ
ลำพูน,นายตรี ด่านไพบูลย์,2,ชาย,61 - 70 ปี,ปริญญาตรี,เกษตรกร
ลำพูน,นายนพพร นิลณรงค์,4,ชาย,51 - 60 ปี,ปริญญาตรี,ข้าราชการบำนาญ
ลำพูน,นายสมคิด ปัญญาแก้ว,1,ชาย,51 - 60 ปี,ปริญญาโท,ข้าราชการประจำ
เลย,นายกฤษณ์ ฤทธิ์มนตรี,7,ชาย,51 - 60 ปี,ปริญญาตรี,ทนาย/นักกฎหมาย
เลย,นายทนง สุวรรณสิงห์,1,ชาย,51 - 60 ปี,ปริญญาตรี,ข้าราชการประจำ
เลย,นายนิพนธ์ โกษาจันทร์,6,ชาย,71 - 80 ปี,ปริญญาตรี,ทนาย/นักกฎหมาย
เลย,นายภิชา ผลเรือง,4,ชาย,51 - 60 ปี,ปริญญาเอก,ข้าราชการบำนาญ
เลย,นายสมศักดิ์ ขจรเฉลิมศักดิ์,2,ชาย,40 - 50 ปี,ปริญญาโท,ธุรกิจส่วนตัว/ค้าขาย
เลย,นายสุเครื่อง บุรินทร์กุล,3,ชาย,61 - 70 ปี,ปริญญาตรี,ธุรกิจส่วนตัว/ค้าขาย
เลย,นายเสถียรพงศ์ บารมี ธรรมสรณกุล,5,ชาย,51 - 60 ปี,ปริญญาโท,ข้าราชการบำนาญ
เลย,พันเอกกาจพสุ เพชรสงคราม,8,ชาย,61 - 70 ปี,ปริญญาตรี,ข้าราชการบำนาญ
ศรีสะเกษ,นางสาววิลดา อินฉัตร,1,หญิง,40 - 50 ปี,ปริญญาโท,ธุรกิจส่วนตัว/ค้าขาย
ศรีสะเกษ,นายชัยธัช มานะศรีสุริยัน,2,ชาย,61 - 70 ปี,ปริญญาโท,ข้าราชการบำนาญ
ศรีสะเกษ,นายธนกฤต กุศลสมบูรณ์,4,ชาย,51 - 60 ปี,ปริญญาโท,แพทย์
ศรีสะเกษ,นายวนิชย์ ฤทธิ์เดช,6,ชาย,71 - 80 ปี,ปริญญาตรี,ข้าราชการบำนาญ
ศรีสะเกษ,นายสมภพ มั่นคง,5,ชาย,40 - 50 ปี,ปริญญาตรี,ธุรกิจส่วนตัว/ค้าขาย
ศรีสะเกษ,นายไสว สดใส,3,ชาย,61 - 70 ปี,ปริญญาเอก,ข้าราชการบำนาญ
สกลนคร,นางภัทรวดี เอี่ยมประเสริฐ,8,หญิง,61 - 70 ปี,ปริญญาตรี,ธุรกิจส่วนตัว/ค้าขาย
สกลนคร,นางสาวมาลินี จรูญธรรม,3,หญิง,61 - 70 ปี,ปริญญาเอก,ข้าราชการบำนาญ
สกลนคร,นายดำเกิง วงศ์กาฬสินธุ์,6,ชาย,61 - 70 ปี,ปริญญาโท,นักการเมือง
สกลนคร,นายประจักษ์ พรหมโคตรวงศ์,2,ชาย,51 - 60 ปี,ปริญญาโท,ข้าราชการบำนาญ
สกลนคร,นายเพิ่มศักดิ์ จันทร์แดง,4,ชาย,40 - 50 ปี,ปริญญาตรี,ข้าราชการบำนาญ
สกลนคร,นายไพจิตร กุลตั้งวัฒนา,9,ชาย,51 - 60 ปี,ปริญญาโท,ธุรกิจส่วนตัว/ค้าขาย
สกลนคร,นายรองสมจิตร การุญ,1,ชาย,61 - 70 ปี,ปริญญาตรี,ข้าราชการบำนาญ
สกลนคร,นายสัลวิทย์ นามโคตร,5,ชาย,71 - 80 ปี,ปริญญาตรี,ข้าราชการบำนาญ
สกลนคร,สิบเอกหญิงวรางคณา สุดตะมา,7,หญิง,40 - 50 ปี,ปริญญาโท,อาชีพอื่นๆ
สงขลา,นางรัชนีพร รัตนถาวร,6,หญิง,40 - 50 ปี,ปริญญาโท,อาชีพอื่นๆ
สงขลา,นายมานะ ศรีพิทักษ์,4,ชาย,61 - 70 ปี,ปริญญาโท,ธุรกิจส่วนตัว/ค้าขาย
สงขลา,นายยศศักดิ์ โกไศยกานนท์,2,ชาย,40 - 50 ปี,ปริญญาโท,ครู/อาจารย์/นักวิชาการ
สงขลา,นายสมยศ โชติเกษมศรี,5,ชาย,61 - 70 ปี,ปริญญาเอก,ข้าราชการประจำ
สงขลา,นายสุนันท์ เทพศรี,7,ชาย,61 - 70 ปี,ปริญญาตรี,อาชีพอื่นๆ
สงขลา,นายอนุมัติ อาหมัด,1,ชาย,51 - 60 ปี,ปริญญาโท,ธุรกิจส่วนตัว/ค้าขาย
สงขลา,นายอมรเทพ วัชรอดิศัย,3,ชาย,51 - 60 ปี,ปริญญาตรี,ข้าราชการบำนาญ
สตูล,นายณฤเบศวร์ โอภาโส,1,ชาย,51 - 60 ปี,ปริญญาโท,ธุรกิจส่วนตัว/ค้าขาย
สตูล,นายไพศาล หลีเส็น,3,ชาย,51 - 60 ปี,ปริญญาตรี,ธุรกิจส่วนตัว/ค้าขาย
สตูล,นายอัครินทร์ เลิศชัยศิริ,4,ชาย,51 - 60 ปี,ปริญญาตรี,เกษตรกร
สตูล,นายอิบรอเหม อาดำ,2,ชาย,51 - 60 ปี,ปริญญาตรี,ธุรกิจส่วนตัว/ค้าขาย
สตูล,นายฮารูณ พูนสิน,6,ชาย,51 - 60 ปี,ปริญญาโท,พนักงานของรัฐ
สตูล,พันตำรวจโทสุริยา บาราสัน,5,ชาย,51 - 60 ปี,ปริญญาตรี,ข้าราชการประจำ
สมุทรปราการ,นางสาววราภรณ์ อัศวเหม,9,หญิง,51 - 60 ปี,ปริญญาตรี,นักการเมือง
สมุทรปราการ,นางสาสี่ คีตะนิธินันท์,2,หญิง,51 - 60 ปี,ปริญญาโท,ธุรกิจส่วนตัว/ค้าขาย
สมุทรปราการ,นางสุวรรณี บวรศุภกิจกุล,10,หญิง,51 - 60 ปี,ปริญญาโท,ธุรกิจส่วนตัว/ค้าขาย
สมุทรปราการ,นายจัตุรงค์ เสริมสุข,12,ชาย,51 - 60 ปี,ปริญญาตรี,ทนาย/นักกฎหมาย
สมุทรปราการ,นายณัฏฐกิตติ์ พลประสิทธิ์,11,ชาย,51 - 60 ปี,ปริญญาโท,รัฐวิสาหกิจ
สมุทรปราการ,นายดุสิต พันธุ์เสือ,1,ชาย,40 - 50 ปี,ปริญญาเอก,ครู/อาจารย์/นักวิชาการ
สมุทรปราการ,นายนิพนธ์ ผดุงศิลป์ไพโรจน์,4,ชาย,40 - 50 ปี,ปริญญาโท,รับจ้าง/อาชีพอิสระ
สมุทรปราการ,นายประสันต์ ศีลพิพัฒน์,3,ชาย,61 - 70 ปี,ปริญญาตรี,ธุรกิจส่วนตัว/ค้าขาย
สมุทรปราการ,นายพงษ์ศักดิ์ พัฒนศักดิ์ภิญโญ,5,ชาย,51 - 60 ปี,ปริญญาโท,ข้าราชการประจำ
สมุทรปราการ,นายสมบัติ คุ้มภู,8,ชาย,71 - 80 ปี,ปริญญาโท,ข้าราชการบำนาญ
สมุทรปราการ,นายสมฤทธิ์ ฐิติเจริญชัย,6,ชาย,51 - 60 ปี,ปริญญาโท,ธุรกิจส่วนตัว/ค้าขาย
สมุทรปราการ,นายเสรี หนูวงศ์,7,ชาย,51 - 60 ปี,ปริญญาตรี,ทนาย/นักกฎหมาย
สมุทรสงคราม,นางมาลัย ลิปิสุนทร,8,หญิง,61 - 70 ปี,ปริญญาตรี,ข้าราชการบำนาญ
สมุทรสงคราม,นางสาวบุญยืน ศิริธรรม,4,หญิง,51 - 60 ปี,ปริญญาโท,เกษตรกร
สมุทรสงคราม,นายณรงค์ เวชการ,5,ชาย,61 - 70 ปี,ปริญญาโท,ข้าราชการบำนาญ
สมุทรสงคราม,นายธนวุฒิ โมทย์วารีศรี,1,ชาย,40 - 50 ปี,ปริญญาโท,ธุรกิจส่วนตัว/ค้าขาย
สมุทรสงคราม,นายสัมพันธ์ พงศ์พรรณากูล,3,ชาย,51 - 60 ปี,ปริญญาโท,ธุรกิจส่วนตัว/ค้าขาย
สมุทรสงคราม,นายอภิชาติ กิตติศักดิ์นาวิน,7,ชาย,40 - 50 ปี,ปริญญาโท,ที่ปรึกษา
สมุทรสงคราม,พลเอกดำรงค์ ศรีประเสริฐ,2,ชาย,61 - 70 ปี,ปริญญาโท,ข้าราชการบำนาญ
สมุทรสงคราม,พันโทวิทยา รุ่งกระจ่าง,9,ชาย,61 - 70 ปี,ปริญญาตรี,ข้าราชการบำนาญ
สมุทรสงคราม,ร้อยตำรวจตรีศิลป์ชัย บุญเจริญ,6,ชาย,51 - 60 ปี,ปริญญาตรี,ข้าราชการบำนาญ
สมุทรสาคร,นางสาวจิราพร วัฒนชัย,6,หญิง,51 - 60 ปี,ปริญญาตรี,อาชีพอื่นๆ
สมุทรสาคร,นางสาวเอ็นดู ชอบชื่น,5,หญิง,40 - 50 ปี,ปริญญาโท,ครู/อาจารย์/นักวิชาการ
สมุทรสาคร,นายเกรียงศักดิ์ แสงสว่าง,2,ชาย,40 - 50 ปี,ปริญญาตรี,ธุรกิจส่วนตัว/ค้าขาย
สมุทรสาคร,นายวันชัย แสงสุขเอี่ยม,3,ชาย,61 - 70 ปี,ปริญญาตรี,ธุรกิจส่วนตัว/ค้าขาย
สมุทรสาคร,นายสุนทร วัฒนาพร,1,ชาย,51 - 60 ปี,ปริญญาเอก,ธุรกิจส่วนตัว/ค้าขาย
สมุทรสาคร,พันตรีธนพงษ์ จันทร์ทอง,4,ชาย,51 - 60 ปี,ปริญญาเอก,ธุรกิจส่วนตัว/ค้าขาย
สระแก้ว,นางดวงพร เทียนทอง,2,หญิง,40 - 50 ปี,ปริญญาตรี,ธุรกิจส่วนตัว/ค้าขาย
สระแก้ว,นายประพันธ์ บัวศรี,1,ชาย,61 - 70 ปี,ปริญญาโท,ธุรกิจส่วนตัว/ค้าขาย
สระบุรี,นายบุญส่ง เกิดหลำ,2,ชาย,40 - 50 ปี,ปริญญาโท,นักการเมือง
สระบุรี,นายบุรินทร์ วิจิตรศิริ,3,ชาย,61 - 70 ปี,ปริญญาตรี,รับจ้าง/อาชีพอิสระ
สระบุรี,นายสำราญ เปสลาพันธ์,4,ชาย,51 - 60 ปี,ปริญญาตรี,ธุรกิจส่วนตัว/ค้าขาย
สระบุรี,นายสุนทร โพนโต,5,ชาย,40 - 50 ปี,ปริญญาตรี,ธุรกิจส่วนตัว/ค้าขาย
สระบุรี,นายอำนวย ปิ่นพิลา,1,ชาย,51 - 60 ปี,ปริญญาเอก,พนักงานของรัฐ
สิงห์บุรี,นางสาวนิชดา ตันติลักษณ์,4,หญิง,40 - 50 ปี,ปริญญาโท,ข้าราชการประจำ
สิงห์บุรี,นายชัยวุฒิ ธนาคมานุสรณ์,2,ชาย,40 - 50 ปี,ปริญญาตรี,อาชีพอื่นๆ
สิงห์บุรี,นายพิบูลย์ ฤทธิ์มาก,5,ชาย,40 - 50 ปี,ปริญญาตรี,อาชีพอื่นๆ
สิงห์บุรี,นายพิภพ ใจเพียร,3,ชาย,51 - 60 ปี,ปริญญาตรี,ทนาย/นักกฎหมาย
สิงห์บุรี,นายยุทธิพันธ์ นุชธุรี,6,ชาย,61 - 70 ปี,ปริญญาตรี,ข้าราชการบำนาญ
สิงห์บุรี,นายไสวรินทร์ ศรีชำนิ,1,ชาย,51 - 60 ปี,ปริญญาโท,ข้าราชการบำนาญ
สุโขทัย,นางบุญพา ลิมปะพันธุ์,2,หญิง,51 - 60 ปี,ปริญญาตรี,ธุรกิจส่วนตัว/ค้าขาย
สุโขทัย,นายดำรงค์ฤกษ์ กลิ่นแก้ว,5,ชาย,51 - 60 ปี,ปริญญาโท,ข้าราชการประจำ
สุโขทัย,นายประเสริฐ จันทร์แยง,4,ชาย,61 - 70 ปี,ปริญญาโท,ข้าราชการประจำ
สุโขทัย,นายไพศาล ช. ศิริสนธิ,3,ชาย,61 - 70 ปี,ปริญญาโท,ข้าราชการบำนาญ
สุโขทัย,นายภูมิสิทธิ์ มั่นคง,1,ชาย,61 - 70 ปี,ปริญญาโท,ครู/อาจารย์/นักวิชาการ
สุพรรณบุรี,นายจองชัย เที่ยงธรรม,2,ชาย,71 - 80 ปี,ปริญญาตรี,ทนาย/นักกฎหมาย
สุพรรณบุรี,นายไพรัช ภู่แก้ว,4,ชาย,51 - 60 ปี,ปริญญาตรี,ธุรกิจส่วนตัว/ค้าขาย
สุพรรณบุรี,นายวิทย์วัส โพธสุธน,1,ชาย,40 - 50 ปี,ปริญญาโท,ธุรกิจส่วนตัว/ค้าขาย
สุพรรณบุรี,นายอนุศักดิ์ คงมาลัย,3,ชาย,51 - 60 ปี,ปริญญาตรี,แพทย์
สุราษฎร์ธานี,นายธีระยุทธ เอี่ยมตระกูล,2,ชาย,51 - 60 ปี,ปริญญาโท,ข้าราชการบำนาญ
สุราษฎร์ธานี,นายไสว สงศิริ,3,ชาย,61 - 70 ปี,ปริญญาโท,ธุรกิจส่วนตัว/ค้าขาย
สุราษฎร์ธานี,พลอากาศเอกสุจินต์ แช่มช้อย,1,ชาย,61 - 70 ปี,ปริญญาโท,ข้าราชการบำนาญ
สุรินทร์,นางศิริพร สุเมธารัตน์,3,หญิง,61 - 70 ปี,ปริญญาโท,ข้าราชการบำนาญ
สุรินทร์,นายนุรุทธิ์ เจริญพันธ์,4,ชาย,51 - 60 ปี,ปริญญาโท,ธุรกิจส่วนตัว/ค้าขาย
สุรินทร์,นายประดุจ มั่นหมาย,1,ชาย,51 - 60 ปี,ปริญญาโท,ข้าราชการประจำ
สุรินทร์,นายสุชีพ แข่งขัน,2,ชาย,61 - 70 ปี,ปริญญาตรี,ข้าราชการประจำ
สุรินทร์,นายสุชีพ พฤฒิพันธ์พิศุทธ์,6,ชาย,61 - 70 ปี,ปริญญาโท,ข้าราชการบำนาญ
สุรินทร์,นายเสกสรรค์ นิสัยกล้า,7,ชาย,61 - 70 ปี,ปริญญาเอก,ครู/อาจารย์/นักวิชาการ
สุรินทร์,ร้อยเอกสมพร สาลีงาม,5,ชาย,61 - 70 ปี,ปริญญาตรี,ข้าราชการบำนาญ
หนองคาย,นางจิรัชยา ไกรศวร,4,หญิง,40 - 50 ปี,ปริญญาตรี,ธุรกิจส่วนตัว/ค้าขาย
หนองคาย,นายสุรพงษ์ ผลบูรณ์,2,ชาย,51 - 60 ปี,ปริญญาตรี,ธุรกิจส่วนตัว/ค้าขาย
หนองคาย,นายอาทิตย์ ศรีตะบุตร,3,ชาย,40 - 50 ปี,ปริญญาโท,ธุรกิจส่วนตัว/ค้าขาย
หนองคาย,นายอุทรฑ์ เกฐสิทธิ์,1,ชาย,61 - 70 ปี,ปริญญาตรี,ข้าราชการประจำ
หนองบัวลำภู,นางณัฐพิชา นามพรหม,8,หญิง,51 - 60 ปี,ปริญญาตรี,อาชีพอื่นๆ
หนองบัวลำภู,นางสุมาลี เมืองนาง,12,หญิง,51 - 60 ปี,ปริญญาตรี,ธุรกิจส่วนตัว/ค้าขาย
หนองบัวลำภู,นายคงศักดิ์ สวัสดิภาพ,10,ชาย,40 - 50 ปี,ปริญญาโท,ธุรกิจส่วนตัว/ค้าขาย
หนองบัวลำภู,นายคำสิงห์ ศรีลาวงศ์,14,ชาย,61 - 70 ปี,ปริญญาตรี,เกษตรกร
หนองบัวลำภู,นายบัญชา สุปัญญา,15,ชาย,40 - 50 ปี,ปริญญาตรี,ธุรกิจส่วนตัว/ค้าขาย
หนองบัวลำภู,นายประดิษฐ์ พลเยี่ยม,13,ชาย,61 - 70 ปี,ปริญญาตรี,เกษตรกร
หนองบัวลำภู,นายประพาส นวนสำลี,6,ชาย,51 - 60 ปี,ปริญญาตรี,เกษตรกร
หนองบัวลำภู,นายประไว คงอาษา,3,ชาย,51 - 60 ปี,ปริญญาตรี,เกษตรกร
หนองบัวลำภู,นายลิขิต พิบูลย์ดิษฐ์,7,ชาย,51 - 60 ปี,ปริญญาโท,ข้าราชการบำนาญ
หนองบัวลำภู,นายวิเชษฐ คำก้อย,1,ชาย,51 - 60 ปี,ปริญญาตรี,ทนาย/นักกฎหมาย
หนองบัวลำภู,นายวินัย เสียงเสนาะ,2,ชาย,51 - 60 ปี,ปริญญาตรี,ข้าราชการบำนาญ
หนองบัวลำภู,นายวินิตย์ ผลดี,4,ชาย,40 - 50 ปี,ปริญญาตรี,ทนาย/นักกฎหมาย
หนองบัวลำภู,นายศุภโชค ศรีอุดม,5,ชาย,51 - 60 ปี,ปริญญาตรี,รับจ้าง/อาชีพอิสระ
หนองบัวลำภู,นายสงกรานต์ อาจนนท์ลา,11,ชาย,61 - 70 ปี,ปริญญาตรี,ข้าราชการประจำ
หนองบัวลำภู,นายสมพาน ศรีหอม,9,ชาย,40 - 50 ปี,ปริญญาโท,ข้าราชการประจำ
อ่างทอง,นางมะลิ เริงฤทธิ์,2,หญิง,51 - 60 ปี,ปริญญาตรี,ข้าราชการบำนาญ
อ่างทอง,นายชูศักดิ์ ศรีราชา,1,ชาย,40 - 50 ปี,ปริญญาโท,นักการเมือง
อำนาจเจริญ,นางญาณีนาถ เข็มนาค,1,หญิง,40 - 50 ปี,ปริญญาโท,นักการเมือง
อำนาจเจริญ,นายคชาเทพ ดอกไม้,3,ชาย,40 - 50 ปี,ปริญญาเอก,ข้าราชการประจำ
อำนาจเจริญ,นายชาญณรงค์ คณาเสน,2,ชาย,61 - 70 ปี,ปริญญาตรี,อาชีพอื่นๆ
อำนาจเจริญ,นายธนกร อิงคนินันท์,4,ชาย,40 - 50 ปี,ปริญญาโท,ธุรกิจส่วนตัว/ค้าขาย
อุดรธานี,นางอมรรัตน์ ชัยนาม,2,หญิง,51 - 60 ปี,ปริญญาตรี,ธุรกิจส่วนตัว/ค้าขาย
อุดรธานี,นางอาภรณ์ สาราคำ,1,หญิง,51 - 60 ปี,ปริญญาตรี,ธุรกิจส่วนตัว/ค้าขาย
อุดรธานี,นายประจญ กิ่งมิ่งแฮ,7,ชาย,61 - 70 ปี,ปริญญาเอก,ข้าราชการบำนาญ
อุดรธานี,นายวัลลภ จันดาเบ้า,4,ชาย,71 - 80 ปี,ปริญญาเอก,อาชีพอื่นๆ
อุดรธานี,นายสมคิด หอมเนตตร,3,ชาย,51 - 60 ปี,ปริญญาโท,อาชีพอื่นๆ
อุดรธานี,นายสัญชัย ปิยะพงษ์กุล,5,ชาย,51 - 60 ปี,ปริญญาโท,ข้าราชการบำนาญ
อุดรธานี,นายหมวดตรีหญิงยงฤดี พูลทรัพย์,6,หญิง,61 - 70 ปี,ปริญญาเอก,ธุรกิจส่วนตัว/ค้าขาย
อุตรดิตถ์,นายโปรย สมบัติ,1,ชาย,71 - 80 ปี,ปริญญาตรี,อาชีพอิสระ
อุตรดิตถ์,นายพีระศักดิ์ พอจิต,2,ชาย,51 - 60 ปี,ปริญญาโท,นักการเมือง
อุตรดิตถ์,นายวรนุพงศ์ ลภัสจารุนันท์,3,ชาย,61 - 70 ปี,ปริญญาตรี,นักการเมือง
อุทัยธานี,นางสาวแสงนิล คร้ามใจ,2,หญิง,61 - 70 ปี,ปริญญาโท,ข้าราชการบำนาญ
อุทัยธานี,นายไพโรจน์ ทุ่งทอง,1,ชาย,51 - 60 ปี,ปริญญาตรี,ธุรกิจส่วนตัว/ค้าขาย
อุบลราชธานี,นางณัฐณิชาช์ เพิ่มทองอินทร์,4,หญิง,51 - 60 ปี,ปริญญาเอก,นักการเมือง
อุบลราชธานี,นางอรไท ทิพย์โอสถ,8,หญิง,51 - 60 ปี,ปริญญาโท,ข้าราชการบำนาญ
อุบลราชธานี,นายเกียรติก้อง จันทรสาขา,7,ชาย,51 - 60 ปี,ปริญญาตรี,เกษตรกร
อุบลราชธานี,นายธีรพงษ์ มุสะกะ,2,ชาย,61 - 70 ปี,ปริญญาโท,ข้าราชการบำนาญ
อุบลราชธานี,นายวัฒนา จันทศิลป์,5,ชาย,51 - 60 ปี,ปริญญาตรี,ทนาย/นักกฎหมาย
อุบลราชธานี,นายวีรพจน์ เพชราเวช,6,ชาย,51 - 60 ปี,ปริญญาตรี,ข้าราชการประจำ
อุบลราชธานี,นายสมชาย เหล่าสายเชื้อ,3,ชาย,51 - 60 ปี,ปริญญาโท,ธุรกิจส่วนตัว/ค้าขาย
อุบลราชธานี,นายไสว ศรีจันทร์,1,ชาย,61 - 70 ปี,ปริญญาโท,ข้าราชการบำนาญ
