ผลคะแนนการเลือกตั้งสมาชิกสภาวุฒิสภา,Unnamed: 1,Unnamed: 2,Unnamed: 3
วันที่ 30 มีนาคม 2557,,,
,,,
จังหวัด,ชื่อผู้สมัคร,หมายเลข,คะแนน
กรุงเทพมหานคร,พลตำรวจตรีสุพิศาล ภักดีนฤนาถ,1,"267,974"
กรุงเทพมหานคร,นายศรีสุวรรณ จรรยา,2,"37,583"
กรุงเทพมหานคร,นางลีนา จังจรรจา,3,"38,420"
กรุงเทพมหานคร,ว่าที่ พันตรีอาชว์ โครงกาพย์,4,"4,407"
กรุงเทพมหานคร,นายอรุณ คนหลัก,5,"3,132"
กรุงเทพมหานคร,นางสาวปิยะสุดา แพ่งสภา,6,"17,767"
กรุงเทพมหานคร,นางตรีรัตน์ เซ่งไพเราะ,7,"26,290"
กรุงเทพมหานคร,คุณหญิงจารุวรรณ เมณฑกา,8,"552,651"
กรุงเทพมหานคร,นายโฆสิต สุวินิจจิต,9,"79,759"
กรุงเทพมหานคร,นายปิยชาติ วีรเดชะ,10,"9,062"
กรุงเทพมหานคร,นายมงคล ประสาทเสรี,11,"1,048"
กรุงเทพมหานคร,นายกรสัณห์ กันยะพงศ์,12,"2,015"
กรุงเทพมหานคร,นางพรทิพย์ ลยานันท์,13,"2,871"
กรุงเทพมหานคร,นายมงคล กิมสูนจันทร์,14,"17,010"
กรุงเทพมหานคร,นายพรชัย รัศมีแพทย์,15,"8,436"
กรุงเทพมหานคร,นายชาญชัย โกศลธนากุล,16,"2,954"
กรุงเทพมหานคร,นายประทีป พุทธรักษ์ภักดี,17,979
กรุงเทพมหานคร,นายวิทยา จังกอบพัฒนา,18,"2,471"
กระบี่,นายอภิชาติ ดำดี,1,"76,391"
กระบี่,นายสมเกียรติ กิจธรรมเชษฐ์,2,"15,580"
กระบี่,นายอดิเรก เอ่งฉ้วน,4,909
กระบี่,นายแสงชัย วสุนธรา,5,"27,928"
กระบี่,นายชำนาญวิทย์ บางทอง,6,"1,837"
กระบี่,นายวิรัช สีหมุ่น,7,"13,417"
กาญจนบุรี,พลเอกองอาจ พงษ์ศักดิ์,1,"65,085"
กาญจนบุรี,นายเสนาะ ศิลาแรง,2,"9,396"
กาญจนบุรี,นางมนรัตน์ สารภาพ,3,"43,463"
กาญจนบุรี,นายศรชัย พวงลำเจียก,4,"26,686"
กาญจนบุรี,นายมานพ อินทะบุตร,5,"2,769"
กาญจนบุรี,นายวิมล พนมศักดิ์,6,"7,138"
กาฬสินธุ์,นายวิรัช พิมพะนิตย์,1,"151,466"
กาฬสินธุ์,นายวิวรรธนไชย ณ กาฬสินธุ์,3,"84,460"
กาฬสินธุ์,นายแพน พรไตรศักดิ์,4,"124,391"
กาฬสินธุ์,นายทิวา แจ้งสุข,5,"6,319"
กำแพงเพชร,นายจุลพันธ์ ทับทิม,1,"118,988"
กำแพงเพชร,นายอุดม วราหะ,2,"10,571"
กำแพงเพชร,นายธนทัต ประเสริฐนู,3,"13,764"
กำแพงเพชร,นายออมสิน สุขภิการนนท์,4,"36,852"
กำแพงเพชร,นายพเยาว์ เมฆพินธุ์,5,"3,020"
ขอนแก่น,นายวัน สุวรรณพงษ์,1,"324,862"
ขอนแก่น,นายโกเมศ ฑีฆธนานนท์,2,"93,357"
ขอนแก่น,นายฐิตินันท์ แสงนาค,3,"21,789"
ขอนแก่น,นายศุภสิธ เตชะตานลท์,4,"69,698"
ขอนแก่น,นายสุธน สอนคำแก้ว,5,"25,661"
ขอนแก่น,นายสุวิทย์ นามบุญเรือง,6,"5,625"
ขอนแก่น,นายประเสริฐ สัจจาวิริยะ,7,"15,889"
จันทบุรี,นางพจนา กิจกาญจน์,2,"69,950"
จันทบุรี,นายสันติ พลอยล้อมเพชร,3,"15,665"
ฉะเชิงเทรา,นายสุนันต์ อรุณนพรัตน์,1,"70,750"
ฉะเชิงเทรา,นายสุเชน ทั่วทิพย์,2,"31,606"
ฉะเชิงเทรา,นายเชาวลิต เจริญพร,3,"44,692"
ชลบุรี,นายแสงศร สุนทรศิลป์ชัย,1,"12,460"
ชลบุรี,นายสุรสิทธิ์ นิธิวุฒิวรรักษ์,2,"92,058"
ชลบุรี,นายกำพล ตั้งเอกชัย,3,"7,917"
ชลบุรี,นายสมชาย พัฒนะเอนก,4,"42,623"
ชลบุรี,พลตำรวจตรีบัณฑิต คุณจักร์,5,"26,942"
ชลบุรี,นายวิชัย จุลวนิชย์พงษ์,6,"12,802"
ชัยนาท,นางสาววรรณอนงค์ ทรัพย์รวงทอง,1,"24,507"
ชัยนาท,นายมณเฑียร สงฆ์ประชา,2,"64,171"
ชัยนาท,นายจำลอง โพธิ์สุข,4,"33,482"
ชัยนาท,นางจิณาภา ทรัพย์วิสุทธิ์,5,"6,348"
ชัยภูมิ,พลตำรวจโทสุกิจ อุดมเศรษฐ์,2,"23,241"
ชัยภูมิ,นายอุปกรณ์ วงศ์นรา,3,"8,206"
ชัยภูมิ,พันตำรวจโท วรินทร์ สวัสดิ์โรจน์,4,"10,063"
ชัยภูมิ,นายบัณฑูรย์ เกียรติก้องชูชัย,5,"243,699"
ชัยภูมิ,นางลัดดา วงศ์ใหญ่,6,"50,776"
ชัยภูมิ,นายสมมิตร รื่นรวย,7,"9,917"
ชุมพร,พันตำรวจเอก นรินทร์ บุษยวิทย์,1,"75,248"
ชุมพร,นางสาววรรณา แซ่ติ้ง,2,"2,021"
ชุมพร,นายสุทรรศ พะลัง,3,"11,150"
ชุมพร,นายพงศา ชูแนม,4,"26,690"
ชุมพร,พันตำรวจเอก เอกวัฒน์ โพธิ์เย็นญาติ,5,"1,113"
ชุมพร,นายสัญญา ปานสวี,6,"1,804"
เชียงราย,นางเตือนใจ ดีเทศน์,1,"72,588"
เชียงราย,นายปรีชา พัวนุกุลนนท์,2,"76,393"
เชียงราย,นายมงคลชัย ดวงแสงทอง,3,"169,251"
เชียงราย,นายศักดิ์ชัย จงสุขธนามณี,4,"79,055"
เชียงราย,นางสาวพนิดา มะโนธรรม,5,"6,827"
เชียงราย,นายประสิทธิ์ บุญยืน,6,"5,249"
เชียงใหม่,นายสมพงศ์ ค่ายคำ,1,"34,628"
เชียงใหม่,นายเพทาย เตโชฬาร,2,"42,426"
เชียงใหม่,นายอดิศร กำเนิดศิริ,3,"178,175"
เชียงใหม่,นายชำนาญ จันทร์เรือง,4,"8,081"
เชียงใหม่,นายพงศ์พันธุ์ ไชยวัณณ์,5,"19,080"
เชียงใหม่,นายถาวร เกียรติไชยากร,6,"91,002"
เชียงใหม่,นายกฤษณพงษ์ พรมบึงรำ,7,"120,932"
เชียงใหม่,นายพรศักดิ์ สังข์สังวาลย์,8,"17,765"
เชียงใหม่,นายอภิวัฒน์ คุณารักษ์,9,"19,102"
เชียงใหม่,ร้อยตำรวจตรีสมพล เกษมมาลา,10,"4,492"
เชียงใหม่,นายสัมพันธ์ ฉัตรมงคงพันธ์,11,"1,982"
เชียงใหม่,นายวชิระ เรืองพรวิสุทธิ์,12,"3,462"
เชียงใหม่,นายบุญทา ชัยเลิศ,13,"26,606"
ตรัง,นายสมศักดิ์ โล่สถาพรพิพิธ,1,"75,543"
ตรัง,นายดำรงค์ สินไชย,2,"34,536"
ตรัง,นายเนติวิทย์ ขาวดี,3,"27,199"
ตรัง,นายชวลา สัมพันธรัตน์,4,"15,186"
ตรัง,นายถนัด ขวัญนิมิตร,5,"4,053"
ตรัง,นายพิมล ณ นคร,6,"10,596"
ตรัง,นายสมนึก บัวทอง,7,"7,240"
ตรัง,นายณรงค์ฤทธิ์ เพชรฤทธิ์,8,"2,080"
ตราด,นายบุญส่ง ไข่เกษ,1,"37,593"
ตราด,นายมงคล หวลถนอม,2,"7,458"
ตราด,นายสิงหหา สง่าศิลป์,3,"17,892"
ตาก,นายฟรีอี เละเซ็น,1,"6,396"
ตาก,พันตำรวจโทอนุรักษ์ จิรจิตร,2,"38,258"
ตาก,พลโทไกรสีห์ โสภโณดร,3,"10,362"
ตาก,พลตรีพรชัย เอี่ยมสนิทอมร,4,"7,096"
ตาก,นายชิงชัย ก่อประภากิจ,5,"74,004"
นครนายก,นายพงศ์เดช วิบูลย์ธนสาร,1,"12,995"
นครนายก,นายมารุต โรจนาปิยาวงศ์,2,"44,023"
นครนายก,นางสาวธัญธารีย์ จารุจิตติวัฒน์,3,"39,274"
นครปฐม,นายธงชัย ศรีสุขจร,1,"126,074"
นครปฐม,นายธนาวัติ เขียวรุ้งเพชร,2,"22,511"
นครปฐม,นายไพบูลย์ เสถียรปกิรณกรณ์,3,"6,256"
นครปฐม,พันตำรวจเอกมโนรถ สิทธานนท์,4,"18,510"
นครพนม,นายสมนาม เหล่าเกียรติ,1,"123,886"
นครพนม,นายวัชรินทร์ เจียวิริยบุญญา,2,"15,928"
นครพนม,นายจำลอง รัตนโกเศศ,3,"5,192"
นครพนม,นายพงษ์เสกสรร แสนสุข,4,"5,909"
นครพนม,นายโอภาส สุมนารถ,5,"99,323"
นครราชสีมา,นายพงษ์ศิริ กุสุมภ์,1,"296,221"
นครราชสีมา,นายปรีชา กำพุฒกลาง,2,"219,781"
นครราชสีมา,พลเอกวีรวุธ ส่งสาย,3,"50,006"
นครราชสีมา,นางเพ็ญศรี จารุกำเนิดกนก,4,"53,090"
นครราชสีมา,นายสุรัตน์ จุลวรวงศ์,6,"26,213"
นครศรีธรรมราช,นายมนัส เพ็งสุทธิ์,1,"63,975"
นครศรีธรรมราช,พันตำรวจเอกธรรมนูญ ไฝจู,2,"108,234"
นครศรีธรรมราช,นายสุวัฒน์ ตั้งตระกูล,3,"7,503"
นครศรีธรรมราช,นายมงคล อินทสุวรรณ์,4,"69,696"
นครศรีธรรมราช,นายอรุณ ชนะคช,5,"28,631"
นครศรีธรรมราช,นายเฉลิมศักดิ์ บุญนำ,6,"5,896"
นครศรีธรรมราช,นายณัฏฐวัฒน์ สุดประเสริฐ,7,"8,228"
นครศรีธรรมราช,พันจ่าอากาศเอกอากร ณ นคร,8,"2,952"
นครสวรรค์,เรืออากาศเอกจักวาล ตั้งภากรณ์,1,"102,300"
นครสวรรค์,นายธรรมรัฐ เนียมณรงค์,2,"14,194"
นครสวรรค์,นายบูรพา ผู้ภักดี,3,"33,322"
นครสวรรค์,นายวุฒิพงษ์ ชวนประสงค์,4,"42,713"
นครสวรรค์,นายนิกร รักษ์พุก,5,"8,184"
นครสวรรค์,นางลัดดาวัลย์ เดชเจริญรุ่งเรือง,6,"15,184"
นนทบุรี,นายจักรชัย อุ่นใจ,1,"14,626"
นนทบุรี,นายพรชัย สาเมือง,2,"15,253"
นนทบุรี,นายธนพงศ์ ธนเดชากุล,3,"82,190"
นนทบุรี,นายวรเศรษฐ์ พัชรปรีชารัตน์,4,"5,794"
นนทบุรี,นายชาลี โกมลสุทธิ์,5,"10,400"
นนทบุรี,นายวัชรพล บุษมงคล,6,"9,525"
นนทบุรี,นายยวด แก้วแดง,7,"8,846"
นนทบุรี,นางพิมพร ชูรอด,8,"21,896"
นนทบุรี,นางพรพิมล บุญนิมิตร,9,"7,737"
นนทบุรี,นายรวีโรจน์ ธนบดีธนไพศาล,10,"1,740"
นนทบุรี,นายรังสรรค์ ทองทา,11,"9,737"
นนทบุรี,นายกิตติชัย ปฏิภาณประเสริฐ,12,"6,835"
นราธิวาส,นายนิมันซูร จิยี่งอ,1,"94,779"
นราธิวาส,นายนิรันดร์ บุญบ้านเกิด,3,"14,936"
นราธิวาส,นายซูไหรี่ นิฮะ,4,"23,564"
น่าน,นายชัยวุฒิ คูอาริยะกุล,1,"59,512"
น่าน,นายศรีสุรินทร์ จำปา,2,"6,084"
น่าน,นายเสรี พิมพ์มาศ,3,"32,095"
น่าน,นายอานนท์ ตันตระกูล,4,"87,350"
บึงกาฬ,นายบุญมา พันดวง,1,"62,163"
บึงกาฬ,นายอัคเนย์ แถวบุญตา,2,"4,208"
บึงกาฬ,นายณัฐพล เนื่องชมภู,3,"68,463"
บึงกาฬ,นางกันยา แต้เจริญวิริยะกุล,4,"9,944"
บึงกาฬ,นายวิทยา บุติมุลตรี,5,"10,685"
บุรีรัมย์,นายการุณ ใสงาม,1,"99,908"
บุรีรัมย์,นายยืนยง ทิพย์โภชน์,2,"80,021"
บุรีรัมย์,นายเสริมศักดิ์ ทองศรี,3,"245,360"
ปทุมธานี,นางมาลา หาญสวัสดิ์,1,"67,040"
ปทุมธานี,พันจ่าเอกวิชัย หัสดี,2,"15,396"
ปทุมธานี,นางเอมอร ซำศิริพงษ์,3,"28,521"
ปทุมธานี,นายสุพจน์ ศรีสุวรรณ,4,"2,251"
ปทุมธานี,ว่าที่ พันตำรวจเอกประทีป เจริญกัลป์,5,"20,553"
ปทุมธานี,นายสุชาติ โสมเกษตรินทร์,6,"1,704"
ปทุมธานี,นางนิพัทธา อมรรัตนเมธา,7,"75,180"
ปทุมธานี,นางสาวอิสรา สงวนพงศ์,8,"4,195"
ปทุมธานี,นายพรหมชยารัฐ ธนัฒศิริวรรณ,10,"1,692"
ประจวบคีรีขันธ์,นายสืบยศ ใบแย้ม,1,"58,241"
ประจวบคีรีขันธ์,นายสนิท บุญก่อสกุล,2,"9,140"
ประจวบคีรีขันธ์,นายสุรศักดิ์ ดุสิตสิทธิพร,3,"9,729"
ปราจีนบุรี,นายสฤษดิ์ บุตรเนียร,1,"114,099"
ปราจีนบุรี,นายสมาน พูลสวัสดิมงคล,2,"5,763"
ปราจีนบุรี,นางไพรินทร์ จิรัฐิติเจริญ,3,"67,426"
ปราจีนบุรี,นายเดชฤทธิ์ ปัญจะมูล,4,"7,048"
ปัตตานี,นายสมหวัง อภิชัยรักษ์,1,"110,904"
ปัตตานี,พลโทมนตรี อุมารี,2,"4,765"
ปัตตานี,นายอับดุลฮามิด จะปะกียา,3,"7,081"
ปัตตานี,นางสาวเพชรดาว โต๊ะมีนา,4,"31,369"
ปัตตานี,นายประมุข ลมุล,5,"28,203"
พระนครศรีอยุธยา,นายนพดล อมรเวช,1,"62,649"
พระนครศรีอยุธยา,นายเฟื่องวิทย์ ชูตินันท์,2,"23,609"
พระนครศรีอยุธยา,นายคณิพงษ์ แขวัฒนะ,3,"64,995"
พระนครศรีอยุธยา,พลตำรวจโทไพฑูรย์ ชูชัยยะ,4,"42,074"
พะเยา,นายไพรัตน์ ตันบรรจง,1,"76,395"
พะเยา,นายเสถียร เชื้อประเสริฐศักดิ์,2,"101,632"
พังงา,นายกระจ่าง เพชรบูรณ์,1,"7,251"
พังงา,นายเนรมิตร มีเพียร,2,"9,830"
พังงา,นายอารักษ์ บุณยัษเฐียร,3,"3,089"
พังงา,นายวระชาติ ทนังผล,4,"49,684"
พังงา,นายวาณิช วัฒนกิจ,5,746
พัทลุง,นายประภาศ ปานเจี้ยง,1,"8,880"
พัทลุง,นายอภินันท์ ชูดำ,2,"16,858"
พัทลุง,นายทวี ภูมิสิงหราช,3,"115,940"
พัทลุง,พันตำรวจเอกจรงค์ ภักดีวานิช,4,"6,276"
พัทลุง,นางวรวรรณี บุญนวล,5,"4,338"
พัทลุง,นายสานันท์ สุพรรณชนะบุรี,6,"17,637"
พิจิตร,นายกิตติ์ธเนศ โภคินบุญญารัศมิ์,1,"46,192"
พิจิตร,นายวิชัย ด่านรุ่งโรจน์,2,"81,488"
พิจิตร,นายมาโนช นิลนาก,3,"3,134"
พิจิตร,นายสุรสิทธิ์ ฉัตรชัยเดช,4,"15,057"
พิจิตร,นางสาววารุณี ด่านรุ่งโรจน์,5,"3,248"
พิจิตร,นายสมเกียรติ ศรีม่วง,6,"1,399"
พิษณุโลก,นายสุรินทร์ ฐิติปุญญา,1,"150,844"
พิษณุโลก,นางเปรมฤดี ชามพูนท,2,"81,925"
พิษณุโลก,นายฐิติพงษ์ชาญ ทรัพย์เพิ่มพูนทวี,3,"5,253"
พิษณุโลก,นายสันติ ศิริสินเลิศ,4,"4,702"
พิษณุโลก,นายยอด นาคหวัง,6,"6,688"
พิษณุโลก,นายนิธิทนันท์ ก้าวศรีสุริยะธาดา,7,"7,408"
พิษณุโลก,นายสำเริง สุขรุ่งเรือง,8,850
พิษณุโลก,นายเศรษฐา สุทธิหล่อ,9,"1,746"
เพชรบุรี,นายมนู อุดมเวช,1,"9,611"
เพชรบุรี,พลอากาศโทชนนนาถ เทพลิบ,2,"11,799"
เพชรบุรี,นางลักขณา สุภาแพ่ง,3,"51,280"
เพชรบุรี,นายสุชาติ อุสาหะ,4,"68,763"
เพชรบุรี,นายชวน มินศิริ,5,"4,225"
เพชรบุรี,นางสาวนฤมล สุตะวิริยะวัฒน์,6,"21,027"
เพชรบุรี,นายหัสพันธ์ เสมเถื่อน,7,"1,629"
เพชรบุรี,นายปภังกร จรรยงค์,8,"3,636"
เพชรบูรณ์,นายพิพัฒน์ชัย ภัครัชตานนท์,1,"128,137"
เพชรบูรณ์,นายณรักษ์ มณีราช,2,"12,344"
เพชรบูรณ์,นายวีรศักดิ์ เหล่าบุตรสา,3,"8,316"
เพชรบูรณ์,นายณรงค์ จันทร์เชื้อ,4,"24,291"
เพชรบูรณ์,นายเสถียร เม่นบางผึ้ง,5,"60,062"
เพชรบูรณ์,นายชาติชาย สาลีผล,7,"3,527"
แพร่,ดาบตำรวจบุหลัน ราษฎร์คำพรรณ์,1,"97,367"
แพร่,นายสามขวัญ พนมขวัญ,2,"52,879"
แพร่,นายบุญทอง ปัญญาสว่างจิตร,3,"19,006"
แพร่,นายดอนเมืองแพร่ หริ่มรักษาทรัพย์,4,"20,816"
ภูเก็ต,นายบำรุง รุ่งเรือง,1,"2,398"
ภูเก็ต,นายชัยยศ ปัญญาไวย,2,"19,262"
ภูเก็ต,นายทรงวุฒิ หงษ์หยก,3,"8,876"
ภูเก็ต,นายชัยเยนทร์ เมืองแมน,4,"6,568"
ภูเก็ต,นายมาโนช พันธ์ฉลาด,5,"6,907"
ภูเก็ต,นายเชิดชัย วงศ์เสรี,6,"10,365"
ภูเก็ต,นายเชิดชู แซ่เอี๋ยว,7,"4,630"
ภูเก็ต,นายแนบ สินทอง,8,"4,769"
มหาสารคาม,นายศรีเมือง เจริญศิริ,1,"188,401"
มหาสารคาม,นายรังสรรค์ เพียรอดวงษ์,2,"70,256"
มหาสารคาม,นายวิทยา มะเสนา,3,"58,049"
มุกดาหาร,นายเจษฎาพล คำภูษา,1,"20,273"
มุกดาหาร,นายนรัชชา ศรีเจริญ,2,"11,661"
มุกดาหาร,นายวิริยะ ทองผา,3,"48,788"
มุกดาหาร,นายประจักร เทพศรีหา,4,"3,292"
มุกดาหาร,นายอนุสรณ์ ตั้งปณิธานนท์,5,"30,205"
มุกดาหาร,นายโมช แก่นงาม,6,"5,510"
แม่ฮ่องสอน,นายจำลอง รุ่งเรือง,1,"35,702"
แม่ฮ่องสอน,นายสุรพล สันติโชตินันท์,2,"35,775"
แม่ฮ่องสอน,นายสุเทพ นุชทรวง,3,"2,888"
แม่ฮ่องสอน,พลอากาศเอกยุทธนา สุกุมลจันทร์,4,"14,726"
แม่ฮ่องสอน,นายนพดล ปัญญา,5,878
แม่ฮ่องสอน,ว่าที่ ร้อยตรีโชติปฐมพนต ธีรพล สังข์ภิรมย์,6,593
ยโสธร,นายวิฑูรย์ วงษ์ไกร,1,"92,289"
ยโสธร,นางประยูร เหล่าสายเชื้อ,2,"111,751"
ยโสธร,นายศราวุธ พาลพล,4,"3,401"
ยะลา,นายอับดุลเล๊าะ อาเย๊าะแซ,1,"24,587"
ยะลา,นายจิรภัฏ ฤกษ์มณีรัตน์,2,"19,766"
ยะลา,นายอับดุลอายี สาแม็ง,3,"69,925"
ร้อยเอ็ด,นางจิรภา ธีระกนก,2,"78,028"
ร้อยเอ็ด,นางสุภาพ ติณรัตน์,3,"72,964"
ร้อยเอ็ด,นายสมเกียรติ พื้นแสน,4,"160,474"
ร้อยเอ็ด,นายวรชาติ กองเมธี,5,"5,626"
ร้อยเอ็ด,นายนิรันดร์ คลังบุญวาสน์,7,"4,117"
ร้อยเอ็ด,นายวิรัตน์ นาเมืองรักษ์,8,"65,662"
ร้อยเอ็ด,นายธนบรรณ น้ำกระจาย,9,"10,104"
ร้อยเอ็ด,นายจาตุรันต์ แก่นวงษ์คำ,10,"8,694"
ร้อยเอ็ด,ว่าที่ พันตรีสามารถ แท่นประยุทธ,11,"2,870"
ระนอง,นายศักดา ศรีวิริยะไพบูลย์,1,"18,194"
ระนอง,นายนิรุตติ สุทธินนท์,2,"7,801"
ระนอง,นายไชยันต์ ปฏิยุทธ,3,"1,440"
ระนอง,นายคำนึง โสตถิอุดม,4,"8,162"
ระนอง,นายสิทธิชัย รักชู,5,"2,455"
ระยอง,นายนิคม อ่อนละมัย,1,"6,778"
ระยอง,นายพฤกษ์ พลายเวช,2,"3,120"
ระยอง,นายสุรชัย ปิตุเตชะ,3,"60,925"
ระยอง,ว่าที่ ร้อยโทสรสุชาติ บุญปลื้ม,4,"4,711"
ระยอง,นาวาโทภานุพงศ์ จิตดล,5,"14,573"
ระยอง,นายรฐชาย ยอดมาลัย,6,"2,702"
ระยอง,นายภีมเดช อมรสุคนธ์,7,"9,744"
ราชบุรี,นางเพียงเพ็ญ ศักดิ์สมบูรณ์,1,"78,537"
ราชบุรี,นายสมบัติ เรืองกฤษ,2,"19,786"
ราชบุรี,นายอุดม ฐิตวัฒนะสกุล,3,"9,137"
ราชบุรี,นายนิมิต จันทน์วิมล,4,"19,984"
ราชบุรี,นายสุทน ขำเจริญ,5,"47,817"
ราชบุรี,ว่าที่ ร้อยเอกอำนาจ ขำวิเศษ,6,"2,283"
ราชบุรี,นายพิทยา อังกูรจารุชัย,7,"9,283"
ราชบุรี,นายกฤตธน สุนทรสเจริญ,8,"2,683"
ลพบุรี,นางประไพพิศ วงษ์สุวรรณ์,1,"52,849"
ลพบุรี,นายประยุทธ คงเฉลิมวัฒน์,2,"7,092"
ลพบุรี,นายสุรชัย ศรีแสงอ่อน,3,"10,875"
ลพบุรี,นายประทวน สุทธิอำนวยเดช,4,"59,396"
ลพบุรี,นางปวีณา อุ้ยลี,5,"28,124"
ลพบุรี,นายเอกราช กำเนิดสุข,6,"7,568"
ลพบุรี,นางสาวศรีรัตน์ ฤกษ์พิชัย,8,"5,535"
ลพบุรี,นายชัยรัตน์ มาตยานุมัตย์,9,"6,291"
ลพบุรี,ดาบตำรวจลออ สดเอี่ยม,10,"5,906"
ลพบุรี,นายประทีป ตรีวาสน์,11,"1,492"
ลำปาง,นายวราวุฒิ หน่อคำ,1,"138,992"
ลำปาง,นายอำนวย เงินกระแชง,2,"8,414"
ลำปาง,นายธนชัย พงษ์โสภาวิจิตร,3,"7,092"
ลำปาง,นายบุญชู ตรีทอง,4,"106,755"
ลำปาง,ดาบตำรวจกิจชนะชัย ปะละ,5,"22,038"
ลำพูน,นายสมคิด ปัญญาแก้ว,1,"19,885"
ลำพูน,นายตรี ด่านไพบูลย์,2,"69,367"
ลำพูน,นายดิเรก ก้อนกลีบ,3,"63,567"
ลำพูน,นายนพพร นิลณรงค์,4,"12,311"
ลำพูน,นางกฤษฎาภรณ์ รุจิธำรงกุล,5,"9,311"
เลย,นายทนง สุวรรณสิงห์,1,"21,399"
เลย,นายสมศักดิ์ ขจรเฉลิมศักดิ์,2,"140,499"
เลย,นายสุเครื่อง บุรินทร์กุล,3,"60,998"
เลย,นายภิชา ผลเรือง,4,"3,831"
เลย,นายเสถียรพงศ์ บารมี ธรรมสรณกุล,5,"3,001"
เลย,นายนิพนธ์ โกษาจันทร์,6,"1,139"
เลย,นายกฤษณ์ ฤทธิ์มนตรี,7,"11,899"
เลย,พันเอกกาจพสุ เพชรสงคราม,8,"3,529"
ศรีสะเกษ,นางสาววิลดา อินฉัตร,1,"270,421"
ศรีสะเกษ,นายชัยธัช มานะศรีสุริยัน,2,"20,873"
ศรีสะเกษ,นายสมภพ มั่นคง,5,"153,705"
ศรีสะเกษ,นายวนิชย์ ฤทธิ์เดช,6,"14,340"
สกลนคร,นายรองสมจิตร การุญ,1,"14,225"
สกลนคร,นายประจักษ์ พรหมโคตรวงศ์,2,"7,769"
สกลนคร,นางสาวมาลินี จรูญธรรม,3,"7,083"
สกลนคร,นายเพิ่มศักดิ์ จันทร์แดง,4,"21,377"
สกลนคร,นายสัลวิทย์ นามโคตร,5,"96,921"
สกลนคร,นายดำเกิง วงศ์กาฬสินธุ์,6,"130,830"
สกลนคร,สิบเอกหญิงวรางคณา สุตตะมา,7,"14,760"
สกลนคร,นางภัทราวดี เอี่ยมประเสริฐ,8,"8,458"
สกลนคร,นายไพจิตร กุลตั้งวัฒนา,9,"50,833"
สงขลา,นายอนุมัติ อาหมัด,1,"133,503"
สงขลา,นายยศศักดิ์ โกไศยกานนท์,2,"26,500"
สงขลา,นายอมรเทพ วัชรอดิศัย,3,"4,275"
สงขลา,นายมานะ ศรีพิทักษ์,4,"25,621"
สงขลา,นายสมยศ โชติเกษมศรี,5,"7,820"
สงขลา,นางรัชนีพร รัตนถาวร,6,"5,272"
สงขลา,นายสุนันท์ เทพศรี,7,"83,082"
สตูล,นายณฤเบศวร์ โอภาโส,1,"7,330"
สตูล,นายอิบรอเหม อาดำ,2,"24,861"
สตูล,นายไพศาล หลีเส็น,3,"14,484"
สตูล,นายอัครินทร์ เลิศกิจชัยศิริ,4,"3,266"
สตูล,พันตำรวจโทสุริยา บาราสัน,5,"8,696"
สตูล,นายฮารูณ พูนสิน,6,"2,954"
สมุทรปราการ,นายดุสิต พันธุ์เสือ,1,"8,631"
สมุทรปราการ,นางสาลี่ คีตะนิธินันท์,2,"69,701"
สมุทรปราการ,นายประสันต์ ศีลพิพัฒน์,3,"8,274"
สมุทรปราการ,นายนิพนธ์ ผดุงศิลป์ไพโรจน์,4,"5,901"
สมุทรปราการ,นายพงษ์ศักดิ์ พัฒนศักดิ์ภิญโญ,5,"19,677"
สมุทรปราการ,นายสมฤทธิ์ ฐิติเจริญชัย,6,"1,904"
สมุทรปราการ,นายสมบัติ คุ้มภู,8,"13,472"
สมุทรปราการ,นางสาววราภรณ์ อัศวเหม,9,"146,638"
สมุทรปราการ,นางสุวรรณี บวรศุภกิจกุล,10,"2,320"
สมุทรปราการ,นายณัฏฐกิตติ์ พลประสิทธิ์,11,"1,657"
สมุทรปราการ,นายจัตุรงค์ เสริมสุข,12,"9,084"
สมุทรสงคราม,นายธนวุฒิ โมทย์วารีศรี,1,"13,078"
สมุทรสงคราม,พลเอกดำรงค์ ศรีประเสริฐ,2,"1,896"
สมุทรสงคราม,นายสัมพันธ์ พงษ์พรรณากูล,3,"5,407"
สมุทรสงคราม,นางสาวบุญยืน ศิริธรรม,4,"22,933"
สมุทรสงคราม,นายณรงค์ เวชการ,5,"1,795"
สมุทรสงคราม,ร้อยตำรวจตรีศิลป์ชัย บุญเจริญ,6,"3,868"
สมุทรสงคราม,นายอภิชาติ กิตติศักดิ์นาวิน,7,"5,348"
สมุทรสงคราม,นางมาลัย ลิปิสุนทร,8,"3,756"
สมุทรสงคราม,พันโทวิทยา รุ่งกระจ่าง,9,291
สมุทรสาคร,นายสุนทร วัฒนาพร,1,"62,191"
สมุทรสาคร,นายเกรียงศักดิ์ แสงสว่าง,2,"13,164"
สมุทรสาคร,พันตรีธนพงษ์ จันทร์ทอง,4,"8,867"
สมุทรสาคร,นางสาวเอ็นดู ชอบชื่น,5,"2,500"
สระแก้ว,นายประพันธ์ บัวศรี,1,"31,623"
สระแก้ว,นางดวงพร เทียนทอง,2,"123,462"
สระบุรี,นายอำนวย ปิ่นพิลา,1,"17,332"
สระบุรี,นายบุญส่ง เกิดหลำ,2,"87,324"
สระบุรี,นายบุรินทร์ วิจิตรศิริ,3,"21,982"
สระบุรี,นายสำราญ เปสลาพันธ์,4,"73,449"
สระบุรี,นายสุนทร โพนโต,5,"3,064"
สิงห์บุรี,นายไสวรินทร์ ศรีชำนิ,1,"5,741"
สิงห์บุรี,นายชัยวุฒิ ธนาคมานุสรณ์,2,"37,661"
สิงห์บุรี,นายพิภพ ใจเพียร,3,733
สิงห์บุรี,นางสาวนิชดา ตันติลักษณ์,4,"33,491"
สิงห์บุรี,นายพิบูลย์ ฤทธิ์มาก,5,435
สิงห์บุรี,นายยุทธิพันธ์ นุชธุรี,6,"1,043"
สุโขทัย,นายภูมิสิทธิ์ มั่นคง,1,"67,726"
สุโขทัย,นางบุญพา ลิมปะพันธ์,2,"68,771"
สุโขทัย,นายไพศาล ช. ศิริสนธิ,3,"17,829"
สุโขทัย,นายประเสริฐ จันทร์แยง,4,"14,303"
สุโขทัย,นายดำรงค์ฤกษ์ กลิ่นแก้ว,5,"4,081"
สุพรรณบุรี,นายวิทย์วัส โพธสุธน,1,"119,540"
สุพรรณบุรี,นายจองชัย เที่ยงธรรม,2,"198,838"
สุพรรณบุรี,นายไพรัช ภู่แก้ว,4,"4,261"
สุราษฎร์ธานี,พลอากาศเอกสุจินต์ แช่มช้อย,1,"95,574"
สุราษฎร์ธานี,นายธีระยุทธ เอี่ยมตระกูล,2,"68,847"
สุราษฎร์ธานี,นายไสว สงศิริ,3,"6,163"
สุรินทร์,นายประดุจ มั่นหมาย,1,"61,870"
สุรินทร์,นายสุชีพ แข่งขัน,2,"24,098"
สุรินทร์,รองศาสตราจารย์ ศิริพร สุเมธารัตน์,3,"28,124"
สุรินทร์,นายนุรุทธิ์ เจริญพันธ์,4,"185,807"
สุรินทร์,นายสุชีพ พฤฒิพันธ์พิศุทธ์,6,"67,208"
สุรินทร์,นายเสกสรรค์ นิสัยกล้า,7,"9,587"
หนองคาย,นายอุทรฑ์ เกฐสิทธิ์,1,"26,520"
หนองคาย,นายสุรพงษ์ ผลบูรณ์,2,"13,019"
หนองคาย,นายอาทิตย์ ศรีตะบุตร,3,"104,047"
หนองคาย,นางจิรัชยา ไกรศวร,4,"6,867"
หนองบัวลำภู,นายวินัย เสียงเสนาะ,2,"1,508"
หนองบัวลำภู,นายประไว คงอาษา,3,"2,749"
หนองบัวลำภู,นายวินิตย์ ผลดี,4,"3,407"
หนองบัวลำภู,นายศุภโชค ศรีอุดม,5,"3,050"
หนองบัวลำภู,นายประพาส นวนสำลี,6,"74,582"
หนองบัวลำภู,นายลิขิต พิบูลย์ดิษฐ์,7,"6,379"
หนองบัวลำภู,นางณัฐพิชา นามพรหม,8,"35,258"
หนองบัวลำภู,นายสมพาน ศรีหอม,9,"31,842"
หนองบัวลำภู,นายคงศักดิ์ สวัสดิภาพ,10,"1,712"
หนองบัวลำภู,นายสงกรานต์ อาจนนท์ลา,11,"1,402"
หนองบัวลำภู,นางสุมาลี เมืองนาง,12,"5,875"
หนองบัวลำภู,นายประดิษฐ์ พลเยี่ยม,13,813
หนองบัวลำภู,นายบัญชา สุปัญญา,15,"3,505"
อ่างทอง,นายชูศักดิ์ ศรีราชา,1,"56,935"
อ่างทอง,นางมะลิ เริงฤทธิ์,2,"11,320"
อำนาจเจริญ,นางญานีนาถ เข็มนาค,1,"50,867"
อำนาจเจริญ,นายคชาเทพ ดอกไม้,3,"37,437"
อำนาจเจริญ,นายธนกร อิงคนินันท์,4,"15,767"
อุดรธานี,นางอาภรณ์ สาราคำ,1,"382,019"
อุดรธานี,นางอมรรัตน์ ชัยนาม,2,"13,366"
อุดรธานี,นายสมคิด หอมเนตร,3,"13,381"
อุดรธานี,นายสัญชัย ปิยะพงษ์กุล,5,"43,263"
อุดรธานี,นายหมวดตรีหญิงยงฤดี พูลทรัพย์,6,"5,560"
อุดรธานี,นายประจญ กิ่งมิ่งแฮ,7,"21,997"
อุตรดิตถ์,นายโปรย สมบัติ,1,"37,198"
อุตรดิตถ์,นายพีระศักดิ์ พอจิต,2,"101,895"
อุตรดิตถ์,นายวรนุพงศ์ ลภัสจารุนันท์,3,"13,554"
อุทัยธานี,นายไพโรจน์ ทุ่งทอง,1,"63,207"
อุทัยธานี,นางแสงนิล คร้ามใจ,2,"10,087"
อุบลราชธานี,นายไสว ศรีจันทร์,1,"19,797"
อุบลราชธานี,นายธีระพงษ์ มุสะกะ,2,"12,805"
อุบลราชธานี,นายสมชาย เหล่าสายเชื้อ,3,"286,970"
อุบลราชธานี,นางณัฐณิชาช์ เพิ่มทองอินทร์,4,"188,386"
อุบลราชธานี,นายวัฒนา จันทศิลป์,5,"32,863"
อุบลราชธานี,นายวีรพจน์ เพชราเวช,6,"13,711"
อุบลราชธานี,นายเกียรติก้อง จันทรสาขา,7,"6,455"
อุบลราชธานี,นางอรไท ทิพย์โอสถ,8,"12,531"
